Year,Round,Home,Away,HG,AG
2014,1,Fluminense,Figueirense,3,0
2014,1,Internacional,Vitória,1,0
2014,1,Chapecoense,Coritiba,0,0
2014,1,São Paulo,Botafogo,3,0
2014,1,Atlético-PR,Grêmio,1,0
2014,1,Atlético-MG,Corinthians,0,0
2014,1,Bahia,Cruzeiro,1,2
2014,1,Santos,Sport,1,1
2014,1,Flamengo,Goiás,0,0
2014,1,Criciúma,Palmeira,1,2
2014,2,Coritiba,Santos,0,0
2014,2,Palmeira,Fluminense,0,1
2014,2,Corinthians,Flamengo,2,0
2014,2,Botafogo,Internacional,2,2
2014,2,Cruzeiro,São Paulo,1,1
2014,2,Vitória,Atlético-PR,2,2
2014,2,Grêmio,Atlético-MG,2,1
2014,2,Figueirense,Bahia,0,2
2014,2,Goiás,Criciúma,1,0
2014,2,Sport,Chapecoense,2,1
2014,3,São Paulo,Coritiba,2,2
2014,3,Santos,Grêmio,0,0
2014,3,Atlético-PR,Cruzeiro,2,3
2014,3,Fluminense,Vitória,1,2
2014,3,Flamengo,Palmeira,4,2
2014,3,Bahia,Botafogo,1,0
2014,3,Internacional,Sport,2,1
2014,3,Criciúma,Figueirense,1,0
2014,3,Chapecoense,Corinthians,0,1
2014,3,Atlético-MG,Goiás,0,1
2014,4,Palmeira,Goiás,2,0
2014,4,Internacional,Atlético-PR,2,1
2014,4,Botafogo,Criciúma,6,0
2014,4,Fluminense,Flamengo,2,0
2014,4,São Paulo,Corinthians,1,1
2014,4,Atlético-MG,Cruzeiro,2,1
2014,4,Chapecoense,Grêmio,1,2
2014,4,Bahia,Vitória,1,1
2014,4,Figueirense,Santos,0,2
2014,4,Coritiba,Sport,0,1
2014,5,Goiás,Botafogo,2,0
2014,5,Cruzeiro,Coritiba,3,2
2014,5,Grêmio,Fluminense,1,0
2014,5,Flamengo,São Paulo,0,2
2014,5,Corinthians,Figueirense,0,1
2014,5,Atlético-PR,Chapecoense,1,1
2014,5,Santos,Atlético-MG,1,2
2014,5,Criciúma,Internacional,0,0
2014,5,Vitória,Palmeira,0,1
2014,5,Sport,Bahia,1,0
2014,6,Flamengo,Bahia,1,1
2014,6,Coritiba,Internacional,1,1
2014,6,Cruzeiro,Sport,2,0
2014,6,Criciúma,Chapecoense,1,0
2014,6,Fluminense,São Paulo,5,2
2014,6,Corinthians,Atlético-PR,1,1
2014,6,Grêmio,Botafogo,2,1
2014,6,Palmeira,Figueirense,1,0
2014,6,Goiás,Santos,2,2
2014,6,Vitória,Atlético-MG,2,3
2014,7,Bahia,Fluminense,0,1
2014,7,São Paulo,Grêmio,1,0
2014,7,Santos,Flamengo,0,0
2014,7,Atlético-PR,Coritiba,2,0
2014,7,Sport,Corinthians,1,4
2014,7,Figueirense,Goiás,0,1
2014,7,Chapecoense,Palmeira,2,0
2014,7,Botafogo,Vitória,1,1
2014,7,Internacional,Cruzeiro,1,3
2014,7,Atlético-MG,Criciúma,0,0
2014,8,Palmeira,Botafogo,0,2
2014,8,Sport,Grêmio,0,0
2014,8,Criciúma,Coritiba,1,0
2014,8,Goiás,Vitória,0,0
2014,8,Internacional,Chapecoense,2,0
2014,8,Corinthians,Cruzeiro,1,0
2014,8,Atlético-PR,São Paulo,2,2
2014,8,Atlético-MG,Fluminense,2,0
2014,8,Flamengo,Figueirense,1,1
2014,8,Bahia,Santos,0,2
2014,9,São Paulo,Atlético-MG,2,1
2014,9,Coritiba,Goiás,3,0
2014,9,Vitória,Sport,0,1
2014,9,Grêmio,Palmeira,0,0
2014,9,Cruzeiro,Flamengo,3,0
2014,9,Chapecoense,Bahia,2,1
2014,9,Figueirense,Atlético-PR,1,3
2014,9,Santos,Criciúma,2,0
2014,9,Fluminense,Internacional,1,1
2014,9,Botafogo,Corinthians,1,0
2014,10,Sport,Botafogo,1,0
2014,10,Coritiba,Figueirense,0,2
2014,10,Grêmio,Goiás,0,0
2014,10,Criciúma,Fluminense,3,2
2014,10,Flamengo,Atlético-PR,1,2
2014,10,Bahia,São Paulo,0,2
2014,10,Corinthians,Internacional,2,1
2014,10,Santos,Palmeira,2,0
2014,10,Cruzeiro,Vitória,3,1
2014,10,Chapecoense,Atlético-MG,1,1
2014,11,São Paulo,Chapecoense,0,1
2014,11,Atlético-MG,Bahia,1,1
2014,11,Figueirense,Grêmio,0,1
2014,11,Botafogo,Coritiba,1,0
2014,11,Palmeira,Cruzeiro,1,2
2014,11,Vitória,Corinthians,0,0
2014,11,Internacional,Flamengo,4,0
2014,11,Goiás,Sport,0,0
2014,11,Atlético-PR,Criciúma,2,0
2014,11,Fluminense,Santos,1,0
2014,12,Santos,Chapecoense,3,0
2014,12,Cruzeiro,Figueirense,5,0
2014,12,Criciúma,Vitória,1,3
2014,12,Bahia,Internacional,0,1
2014,12,Goiás,São Paulo,2,1
2014,12,Atlético-PR,Fluminense,0,3
2014,12,Sport,Atlético-MG,2,1
2014,12,Corinthians,Palmeira,2,0
2014,12,Grêmio,Coritiba,2,3
2014,12,Flamengo,Botafogo,1,0
2014,13,São Paulo,Criciúma,1,1
2014,13,Botafogo,Cruzeiro,1,1
2014,13,Vitória,Grêmio,2,1
2014,13,Palmeira,Bahia,1,1
2014,13,Coritiba,Corinthians,0,0
2014,13,Figueirense,Sport,3,0
2014,13,Chapecoense,Flamengo,1,0
2014,13,Atlético-MG,Atlético-PR,3,1
2014,13,Internacional,Santos,1,0
2014,13,Fluminense,Goiás,2,0
2014,14,Bahia,Goiás,1,0
2014,14,Criciúma,Cruzeiro,0,0
2014,14,Fluminense,Coritiba,1,1
2014,14,Santos,Corinthians,0,1
2014,14,Atlético-PR,Botafogo,2,0
2014,14,Internacional,Grêmio,2,0
2014,14,Flamengo,Sport,1,0
2014,14,Chapecoense,Figueirense,0,1
2014,14,Atlético-MG,Palmeira,2,1
2014,14,São Paulo,Vitória,3,1
2014,15,Goiás,Internacional,0,1
2014,15,Corinthians,Bahia,1,1
2014,15,Palmeira,São Paulo,1,2
2014,15,Coritiba,Flamengo,0,1
2014,15,Cruzeiro,Santos,3,0
2014,15,Vitória,Chapecoense,0,0
2014,15,Grêmio,Criciúma,2,0
2014,15,Figueirense,Atlético-MG,2,2
2014,15,Botafogo,Fluminense,2,0
2014,15,Sport,Atlético-PR,1,1
2014,16,Sport,Palmeira,2,1
2014,16,Santos,Atlético-PR,2,0
2014,16,Figueirense,Botafogo,1,0
2014,16,Bahia,Criciúma,0,0
2014,16,Coritiba,Vitória,2,0
2014,16,Internacional,São Paulo,0,1
2014,16,Chapecoense,Fluminense,1,0
2014,16,Flamengo,Atlético-MG,2,1
2014,16,Corinthians,Goiás,5,2
2014,16,Cruzeiro,Grêmio,1,0
2014,17,Botafogo,Chapecoense,1,0
2014,17,Atlético-MG,Internacional,1,0
2014,17,Palmeira,Coritiba,1,0
2014,17,Fluminense,Sport,4,0
2014,17,São Paulo,Santos,2,1
2014,17,Vitória,Figueirense,0,1
2014,17,Grêmio,Corinthians,2,1
2014,17,Criciúma,Flamengo,0,2
2014,17,Goiás,Cruzeiro,0,1
2014,17,Atlético-PR,Bahia,0,0
2014,18,Palmeira,Internacional,0,1
2014,18,Cruzeiro,Chapecoense,4,2
2014,18,Figueirense,São Paulo,1,1
2014,18,Coritiba,Atlético-MG,0,0
2014,18,Botafogo,Santos,1,0
2014,18,Sport,Criciúma,2,0
2014,18,Corinthians,Fluminense,1,1
2014,18,Goiás,Atlético-PR,3,1
2014,18,Vitória,Flamengo,1,2
2014,18,Grêmio,Bahia,1,0
2014,19,Flamengo,Grêmio,0,1
2014,19,Santos,Vitória,3,1
2014,19,Chapecoense,Goiás,0,0
2014,19,Criciúma,Corinthians,0,0
2014,19,Atlético-MG,Botafogo,1,0
2014,19,Fluminense,Cruzeiro,3,3
2014,19,São Paulo,Sport,2,0
2014,19,Atlético-PR,Palmeira,1,1
2014,19,Bahia,Coritiba,0,0
2014,19,Internacional,Figueirense,2,3
2014,20,Palmeira,Criciúma,1,0
2014,20,Grêmio,Atlético-PR,1,0
2014,20,Figueirense,Fluminense,1,1
2014,20,Coritiba,Chapecoense,3,0
2014,20,Sport,Santos,3,1
2014,20,Goiás,Flamengo,1,0
2014,20,Botafogo,São Paulo,2,4
2014,20,Vitória,Internacional,2,0
2014,20,Corinthians,Atlético-MG,1,0
2014,20,Cruzeiro,Bahia,2,1
2014,21,Fluminense,Palmeira,3,0
2014,21,Chapecoense,Sport,3,1
2014,21,Santos,Coritiba,2,1
2014,21,São Paulo,Cruzeiro,2,0
2014,21,Flamengo,Corinthians,1,0
2014,21,Bahia,Figueirense,3,0
2014,21,Internacional,Botafogo,2,0
2014,21,Criciúma,Goiás,1,0
2014,21,Atlético-PR,Vitória,2,0
2014,21,Atlético-MG,Grêmio,0,0
2014,22,Cruzeiro,Atlético-PR,2,0
2014,22,Vitória,Fluminense,3,1
2014,22,Figueirense,Criciúma,1,1
2014,22,Sport,Internacional,0,0
2014,22,Palmeira,Flamengo,2,2
2014,22,Coritiba,São Paulo,3,1
2014,22,Botafogo,Bahia,2,3
2014,22,Corinthians,Chapecoense,1,1
2014,22,Goiás,Atlético-MG,2,3
2014,22,Grêmio,Santos,0,0
2014,23,Atlético-PR,Internacional,0,1
2014,23,Criciúma,Botafogo,1,1
2014,23,Cruzeiro,Atlético-MG,2,3
2014,23,Vitória,Bahia,2,1
2014,23,Flamengo,Fluminense,1,1
2014,23,Sport,Coritiba,1,0
2014,23,Corinthians,São Paulo,3,2
2014,23,Santos,Figueirense,3,1
2014,23,Grêmio,Chapecoense,1,0
2014,23,Goiás,Palmeira,6,0
2014,24,Coritiba,Cruzeiro,1,2
2014,24,Internacional,Criciúma,3,0
2014,24,Bahia,Sport,1,0
2014,24,Chapecoense,Atlético-PR,3,0
2014,24,Figueirense,Corinthians,1,0
2014,24,Fluminense,Grêmio,0,0
2014,24,São Paulo,Flamengo,2,2
2014,24,Palmeira,Vitória,2,0
2014,24,Botafogo,Goiás,1,0
2014,24,Atlético-MG,Santos,3,2
2014,25,Sport,Cruzeiro,0,0
2014,25,Chapecoense,Criciúma,1,1
2014,25,São Paulo,Fluminense,1,3
2014,25,Botafogo,Grêmio,0,2
2014,25,Atlético-PR,Corinthians,1,0
2014,25,Atlético-MG,Vitória,2,0
2014,25,Bahia,Flamengo,2,1
2014,25,Internacional,Coritiba,4,2
2014,25,Figueirense,Palmeira,3,1
2014,25,Santos,Goiás,2,0
2014,26,Palmeira,Chapecoense,4,2
2014,26,Coritiba,Atlético-PR,1,0
2014,26,Flamengo,Santos,0,1
2014,26,Fluminense,Bahia,1,1
2014,26,Vitória,Botafogo,2,1
2014,26,Grêmio,São Paulo,0,1
2014,26,Criciúma,Atlético-MG,3,1
2014,26,Corinthians,Sport,3,0
2014,26,Cruzeiro,Internacional,2,1
2014,26,Goiás,Figueirense,1,0
2014,27,Botafogo,Palmeira,0,1
2014,27,São Paulo,Atlético-PR,1,0
2014,27,Coritiba,Criciúma,1,0
2014,27,Vitória,Goiás,2,2
2014,27,Grêmio,Sport,2,0
2014,27,Figueirense,Flamengo,1,2
2014,27,Cruzeiro,Corinthians,0,1
2014,27,Santos,Bahia,1,0
2014,27,Fluminense,Atlético-MG,0,0
2014,27,Chapecoense,Internacional,5,0
2014,28,Corinthians,Botafogo,1,1
2014,28,Goiás,Coritiba,3,0
2014,28,Palmeira,Grêmio,2,1
2014,28,Flamengo,Cruzeiro,3,0
2014,28,Atlético-MG,São Paulo,1,0
2014,28,Bahia,Chapecoense,0,1
2014,28,Internacional,Fluminense,2,1
2014,28,Criciúma,Santos,3,0
2014,28,Sport,Vitória,1,2
2014,28,Atlético-PR,Figueirense,3,0
2014,29,Fluminense,Criciúma,4,2
2014,29,São Paulo,Bahia,2,1
2014,29,Goiás,Grêmio,0,0
2014,29,Atlético-MG,Chapecoense,1,0
2014,29,Internacional,Corinthians,1,2
2014,29,Figueirense,Coritiba,4,0
2014,29,Palmeira,Santos,1,3
2014,29,Atlético-PR,Flamengo,2,1
2014,29,Vitória,Cruzeiro,0,1
2014,29,Botafogo,Sport,1,1
2014,30,Bahia,Atlético-MG,1,1
2014,30,Cruzeiro,Palmeira,1,1
2014,30,Flamengo,Internacional,2,0
2014,30,Corinthians,Vitória,2,1
2014,30,Criciúma,Atlético-PR,0,1
2014,30,Coritiba,Botafogo,2,0
2014,30,Grêmio,Figueirense,1,0
2014,30,Santos,Fluminense,0,1
2014,30,Chapecoense,São Paulo,0,0
2014,30,Sport,Goiás,0,1
2014,31,Palmeira,Corinthians,1,1
2014,31,Fluminense,Atlético-PR,2,1
2014,31,Figueirense,Cruzeiro,1,1
2014,31,Chapecoense,Santos,1,1
2014,31,Coritiba,Grêmio,1,1
2014,31,Atlético-MG,Sport,3,2
2014,31,Vitória,Criciúma,3,1
2014,31,Internacional,Bahia,2,0
2014,31,Botafogo,Flamengo,2,1
2014,31,São Paulo,Goiás,3,0
2014,32,Grêmio,Vitória,1,0
2014,32,Goiás,Fluminense,0,2
2014,32,Corinthians,Coritiba,2,2
2014,32,Santos,Internacional,1,2
2014,32,Sport,Figueirense,1,0
2014,32,Criciúma,São Paulo,1,2
2014,32,Cruzeiro,Botafogo,2,1
2014,32,Flamengo,Chapecoense,3,0
2014,32,Atlético-PR,Atlético-MG,1,0
2014,32,Bahia,Palmeira,0,1
2014,33,Palmeira,Atlético-MG,0,2
2014,33,Coritiba,Fluminense,1,0
2014,33,Botafogo,Atlético-PR,0,2
2014,33,Sport,Flamengo,2,2
2014,33,Vitória,São Paulo,1,2
2014,33,Grêmio,Internacional,4,1
2014,33,Figueirense,Chapecoense,1,0
2014,33,Goiás,Bahia,3,0
2014,33,Corinthians,Santos,1,0
2014,33,Cruzeiro,Criciúma,3,1
2014,34,Fluminense,Botafogo,1,0
2014,34,Criciúma,Grêmio,0,3
2014,34,Bahia,Corinthians,1,2
2014,34,Internacional,Goiás,1,0
2014,34,Santos,Cruzeiro,0,1
2014,34,Atlético-PR,Sport,0,1
2014,34,Flamengo,Coritiba,3,2
2014,34,Atlético-MG,Figueirense,1,1
2014,34,São Paulo,Palmeira,2,0
2014,34,Chapecoense,Vitória,0,1
2014,35,São Paulo,Internacional,1,1
2014,35,Botafogo,Figueirense,0,1
2014,35,Atlético-PR,Santos,1,1
2014,35,Vitória,Coritiba,1,1
2014,35,Criciúma,Bahia,0,1
2014,35,Goiás,Corinthians,0,1
2014,35,Atlético-MG,Flamengo,4,0
2014,35,Palmeira,Sport,0,2
2014,35,Fluminense,Chapecoense,1,4
2014,35,Grêmio,Cruzeiro,1,2
2014,36,Internacional,Atlético-MG,2,1
2014,36,Bahia,Atlético-PR,1,2
2014,36,Cruzeiro,Goiás,2,1
2014,36,Figueirense,Vitória,2,0
2014,36,Flamengo,Criciúma,1,1
2014,36,Sport,Fluminense,2,2
2014,36,Santos,São Paulo,0,1
2014,36,Coritiba,Palmeira,2,0
2014,36,Corinthians,Grêmio,1,0
2014,36,Chapecoense,Botafogo,2,0
2014,37,Internacional,Palmeira,3,1
2014,37,Criciúma,Sport,2,2
2014,37,Flamengo,Vitória,4,0
2014,37,Fluminense,Corinthians,5,2
2014,37,São Paulo,Figueirense,1,1
2014,37,Santos,Botafogo,2,0
2014,37,Chapecoense,Cruzeiro,1,1
2014,37,Atlético-PR,Goiás,1,0
2014,37,Atlético-MG,Coritiba,1,2
2014,37,Bahia,Grêmio,1,0
2014,38,Corinthians,Criciúma,2,1
2014,38,Figueirense,Internacional,1,2
2014,38,Goiás,Chapecoense,4,2
2014,38,Botafogo,Atlético-MG,0,0
2014,38,Sport,São Paulo,1,0
2014,38,Palmeira,Atlético-PR,1,1
2014,38,Coritiba,Bahia,3,2
2014,38,Cruzeiro,Fluminense,2,1
2014,38,Vitória,Santos,0,1
2014,38,Grêmio,Flamengo,1,1
2015,1,Palmeira,Atlético-MG,2,2
2015,1,Chapecoense,Coritiba,2,1
2015,1,Fluminense,Joinvile,1,0
2015,1,Grêmio,Ponte Preta,3,3
2015,1,Atlético-PR,Internacional,3,0
2015,1,Sport,Figueirense,4,1
2015,1,São Paulo,Flamengo,2,1
2015,1,Cruzeiro,Corinthians,0,1
2015,1,Vasco,Goiás,0,0
2015,1,Avaí,Santos,1,1
2015,2,Coritiba,Grêmio,2,0
2015,2,Goiás,Atlético-PR,2,0
2015,2,Corinthians,Chapecoense,1,0
2015,2,Figueirense,Vasco,0,0
2015,2,Atlético-MG,Fluminense,4,1
2015,2,Santos,Cruzeiro,1,0
2015,2,Flamengo,Sport,2,2
2015,2,Internacional,Avaí,1,0
2015,2,Ponte Preta,São Paulo,1,0
2015,2,Joinvile,Palmeira,0,0
2015,3,São Paulo,Joinvile,3,0
2015,3,Vasco,Internacional,1,1
2015,3,Grêmio,Figueirense,1,0
2015,3,Palmeira,Goiás,0,1
2015,3,Fluminense,Corinthians,0,0
2015,3,Avaí,Flamengo,2,1
2015,3,Atlético-PR,Atlético-MG,1,0
2015,3,Chapecoense,Santos,1,0
2015,3,Sport,Coritiba,1,0
2015,3,Cruzeiro,Ponte Preta,1,1
2015,4,Ponte Preta,Chapecoense,3,1
2015,4,Coritiba,Avaí,1,2
2015,4,Joinvile,Atlético-PR,1,2
2015,4,Santos,Sport,2,2
2015,4,Corinthians,Palmeira,0,2
2015,4,Goiás,Grêmio,1,1
2015,4,Internacional,São Paulo,0,0
2015,4,Atlético-MG,Vasco,3,0
2015,4,Figueirense,Cruzeiro,2,1
2015,4,Flamengo,Fluminense,2,3
2015,5,Vasco,Ponte Preta,0,3
2015,5,Atlético-PR,Figueirense,1,0
2015,5,Chapecoense,Joinvile,2,0
2015,5,São Paulo,Santos,3,2
2015,5,Grêmio,Corinthians,3,1
2015,5,Cruzeiro,Flamengo,1,0
2015,5,Avaí,Atlético-MG,1,4
2015,5,Fluminense,Coritiba,2,0
2015,5,Palmeira,Internacional,1,1
2015,5,Sport,Goiás,1,0
2015,6,Santos,Ponte Preta,2,2
2015,6,Flamengo,Chapecoense,1,0
2015,6,Atlético-MG,Cruzeiro,1,3
2015,6,Atlético-PR,Vasco,2,0
2015,6,São Paulo,Grêmio,2,0
2015,6,Joinvile,Corinthians,0,1
2015,6,Internacional,Coritiba,2,0
2015,6,Fluminense,Sport,0,0
2015,6,Goiás,Avaí,0,1
2015,6,Figueirense,Palmeira,2,1
2015,7,Atlético-MG,Santos,2,2
2015,7,Coritiba,Flamengo,0,1
2015,7,Corinthians,Internacional,2,1
2015,7,Chapecoense,São Paulo,0,1
2015,7,Vasco,Cruzeiro,1,3
2015,7,Sport,Joinvile,2,1
2015,7,Ponte Preta,Goiás,0,0
2015,7,Grêmio,Atlético-PR,2,1
2015,7,Avaí,Figueirense,1,1
2015,7,Palmeira,Fluminense,2,1
2015,8,Figueirense,Internacional,0,0
2015,8,Flamengo,Atlético-MG,0,2
2015,8,Santos,Corinthians,1,0
2015,8,Sport,Vasco,2,1
2015,8,Grêmio,Palmeira,1,0
2015,8,Cruzeiro,Chapecoense,0,1
2015,8,Atlético-PR,Coritiba,2,2
2015,8,São Paulo,Avaí,1,1
2015,8,Joinvile,Goiás,2,1
2015,8,Fluminense,Ponte Preta,2,0
2015,9,Avaí,Grêmio,1,2
2015,9,Chapecoense,Sport,1,1
2015,9,Corinthians,Figueirense,2,1
2015,9,Atlético-MG,Joinvile,1,0
2015,9,Coritiba,Cruzeiro,1,0
2015,9,Goiás,Fluminense,1,2
2015,9,Palmeira,São Paulo,4,0
2015,9,Ponte Preta,Atlético-PR,2,1
2015,9,Vasco,Flamengo,1,0
2015,9,Internacional,Santos,1,0
2015,10,Vasco,Avaí,1,0
2015,10,Sport,Internacional,3,0
2015,10,Atlético-MG,Coritiba,2,0
2015,10,Palmeira,Chapecoense,2,0
2015,10,Grêmio,Cruzeiro,1,0
2015,10,Joinvile,Flamengo,0,1
2015,10,Atlético-PR,São Paulo,2,1
2015,10,Figueirense,Goiás,3,1
2015,10,Corinthians,Ponte Preta,2,0
2015,10,Fluminense,Santos,2,1
2015,11,Coritiba,Joinvile,0,0
2015,11,Cruzeiro,Atlético-PR,2,0
2015,11,Chapecoense,Vasco,1,0
2015,11,Avaí,Sport,2,2
2015,11,Goiás,Corinthians,0,0
2015,11,São Paulo,Fluminense,0,0
2015,11,Santos,Grêmio,1,3
2015,11,Ponte Preta,Palmeira,0,2
2015,11,Flamengo,Figueirense,1,2
2015,11,Internacional,Atlético-MG,1,3
2015,12,Coritiba,Ponte Preta,0,0
2015,12,Goiás,Santos,4,1
2015,12,Chapecoense,Grêmio,1,0
2015,12,Palmeira,Avaí,3,0
2015,12,Figueirense,Joinvile,0,2
2015,12,Vasco,São Paulo,0,4
2015,12,Internacional,Flamengo,1,2
2015,12,Atlético-MG,Sport,2,1
2015,12,Corinthians,Atlético-PR,2,0
2015,12,Fluminense,Cruzeiro,1,0
2015,13,Santos,Figueirense,3,0
2015,13,Grêmio,Vasco,2,0
2015,13,Ponte Preta,Atlético-MG,0,2
2015,13,São Paulo,Coritiba,3,1
2015,13,Joinvile,Internacional,0,2
2015,13,Atlético-PR,Fluminense,1,2
2015,13,Flamengo,Corinthians,0,3
2015,13,Cruzeiro,Goiás,1,0
2015,13,Avaí,Chapecoense,2,1
2015,13,Sport,Palmeira,2,2
2015,14,Flamengo,Grêmio,1,0
2015,14,Internacional,Goiás,2,1
2015,14,Corinthians,Atlético-MG,1,0
2015,14,Atlético-PR,Chapecoense,1,0
2015,14,Sport,São Paulo,2,0
2015,14,Figueirense,Coritiba,0,0
2015,14,Palmeira,Santos,1,0
2015,14,Fluminense,Vasco,1,2
2015,14,Cruzeiro,Avaí,1,1
2015,14,Joinvile,Ponte Preta,1,1
2015,15,Avaí,Atlético-PR,1,2
2015,15,Grêmio,Sport,1,1
2015,15,Atlético-MG,Figueirense,1,0
2015,15,Santos,Joinvile,2,0
2015,15,Chapecoense,Fluminense,2,1
2015,15,São Paulo,Cruzeiro,1,0
2015,15,Coritiba,Corinthians,1,1
2015,15,Goiás,Flamengo,0,1
2015,15,Ponte Preta,Internacional,0,0
2015,15,Vasco,Palmeira,1,4
2015,16,Corinthians,Vasco,3,0
2015,16,Atlético-MG,São Paulo,3,1
2015,16,Fluminense,Grêmio,1,0
2015,16,Coritiba,Goiás,1,1
2015,16,Palmeira,Atlético-PR,0,1
2015,16,Joinvile,Avaí,2,0
2015,16,Figueirense,Ponte Preta,3,1
2015,16,Flamengo,Santos,2,2
2015,16,Internacional,Chapecoense,0,0
2015,16,Sport,Cruzeiro,0,0
2015,17,Avaí,Fluminense,1,0
2015,17,Santos,Coritiba,3,0
2015,17,Vasco,Joinvile,0,0
2015,17,Atlético-PR,Sport,1,1
2015,17,Goiás,Atlético-MG,0,0
2015,17,Ponte Preta,Flamengo,1,0
2015,17,São Paulo,Corinthians,1,1
2015,17,Cruzeiro,Palmeira,2,1
2015,17,Grêmio,Internacional,5,0
2015,17,Chapecoense,Figueirense,2,2
2015,18,Flamengo,Atlético-PR,3,2
2015,18,Coritiba,Palmeira,2,1
2015,18,Goiás,Chapecoense,0,0
2015,18,Santos,Vasco,1,0
2015,18,Corinthians,Sport,4,3
2015,18,Internacional,Fluminense,1,0
2015,18,Figueirense,São Paulo,0,2
2015,18,Ponte Preta,Avaí,2,0
2015,18,Atlético-MG,Grêmio,0,2
2015,18,Joinvile,Cruzeiro,3,0
2015,19,Vasco,Coritiba,0,1
2015,19,Atlético-PR,Santos,0,0
2015,19,São Paulo,Goiás,0,3
2015,19,Palmeira,Flamengo,4,2
2015,19,Fluminense,Figueirense,2,1
2015,19,Sport,Ponte Preta,1,1
2015,19,Cruzeiro,Internacional,0,0
2015,19,Avaí,Corinthians,1,2
2015,19,Chapecoense,Atlético-MG,2,1
2015,19,Grêmio,Joinvile,2,1
2015,20,Goiás,Vasco,3,0
2015,20,Santos,Avaí,5,2
2015,20,Figueirense,Sport,2,1
2015,20,Coritiba,Chapecoense,1,0
2015,20,Ponte Preta,Grêmio,0,0
2015,20,Internacional,Atlético-PR,2,0
2015,20,Joinvile,Fluminense,2,1
2015,20,Flamengo,São Paulo,2,1
2015,20,Corinthians,Cruzeiro,3,0
2015,20,Atlético-MG,Palmeira,2,1
2015,21,Vasco,Figueirense,0,1
2015,21,São Paulo,Ponte Preta,3,0
2015,21,Grêmio,Coritiba,0,0
2015,21,Avaí,Internacional,3,0
2015,21,Sport,Flamengo,0,1
2015,21,Chapecoense,Corinthians,1,3
2015,21,Palmeira,Joinvile,3,2
2015,21,Fluminense,Atlético-MG,1,2
2015,21,Cruzeiro,Santos,0,1
2015,21,Atlético-PR,Goiás,3,0
2015,22,Ponte Preta,Cruzeiro,1,2
2015,22,Internacional,Vasco,6,0
2015,22,Joinvile,São Paulo,0,0
2015,22,Atlético-MG,Atlético-PR,0,1
2015,22,Flamengo,Avaí,3,0
2015,22,Corinthians,Fluminense,2,0
2015,22,Coritiba,Sport,0,0
2015,22,Goiás,Palmeira,1,0
2015,22,Santos,Chapecoense,3,1
2015,22,Figueirense,Grêmio,0,2
2015,23,São Paulo,Internacional,2,0
2015,23,Vasco,Atlético-MG,1,2
2015,23,Atlético-PR,Joinvile,0,0
2015,23,Cruzeiro,Figueirense,5,1
2015,23,Chapecoense,Ponte Preta,0,0
2015,23,Palmeira,Corinthians,3,3
2015,23,Avaí,Coritiba,0,2
2015,23,Grêmio,Goiás,2,1
2015,23,Fluminense,Flamengo,1,3
2015,23,Sport,Santos,1,1
2015,24,Ponte Preta,Vasco,0,1
2015,24,Internacional,Palmeira,1,0
2015,24,Atlético-MG,Avaí,2,0
2015,24,Figueirense,Atlético-PR,1,1
2015,24,Coritiba,Fluminense,1,1
2015,24,Santos,São Paulo,3,0
2015,24,Corinthians,Grêmio,1,1
2015,24,Goiás,Sport,1,0
2015,24,Joinvile,Chapecoense,0,0
2015,24,Flamengo,Cruzeiro,2,0
2015,25,Coritiba,Internacional,0,1
2015,25,Palmeira,Figueirense,2,0
2015,25,Corinthians,Joinvile,3,0
2015,25,Ponte Preta,Santos,3,1
2015,25,Vasco,Atlético-PR,2,0
2015,25,Grêmio,São Paulo,1,2
2015,25,Cruzeiro,Atlético-MG,1,1
2015,25,Chapecoense,Flamengo,1,3
2015,25,Sport,Fluminense,1,0
2015,25,Avaí,Goiás,2,1
2015,26,Fluminense,Palmeira,1,4
2015,26,Goiás,Ponte Preta,1,2
2015,26,Joinvile,Sport,1,1
2015,26,Figueirense,Avaí,0,1
2015,26,Atlético-PR,Grêmio,1,2
2015,26,Internacional,Corinthians,2,1
2015,26,Cruzeiro,Vasco,2,2
2015,26,Santos,Atlético-MG,4,0
2015,26,São Paulo,Chapecoense,0,0
2015,26,Flamengo,Coritiba,0,2
2015,27,Palmeira,Grêmio,3,2
2015,27,Internacional,Figueirense,1,1
2015,27,Ponte Preta,Fluminense,3,1
2015,27,Corinthians,Santos,2,0
2015,27,Goiás,Joinvile,3,0
2015,27,Vasco,Sport,2,1
2015,27,Atlético-MG,Flamengo,4,1
2015,27,Avaí,São Paulo,2,1
2015,27,Coritiba,Atlético-PR,2,0
2015,27,Chapecoense,Cruzeiro,0,2
2015,28,Fluminense,Goiás,2,0
2015,28,Grêmio,Avaí,3,1
2015,28,Atlético-PR,Ponte Preta,1,2
2015,28,Santos,Internacional,3,1
2015,28,São Paulo,Palmeira,1,1
2015,28,Flamengo,Vasco,1,2
2015,28,Figueirense,Corinthians,1,3
2015,28,Joinvile,Atlético-MG,2,2
2015,28,Sport,Chapecoense,3,0
2015,28,Cruzeiro,Coritiba,2,0
2015,29,Internacional,Sport,2,1
2015,29,Coritiba,Atlético-MG,0,3
2015,29,São Paulo,Atlético-PR,1,0
2015,29,Flamengo,Joinvile,2,0
2015,29,Avaí,Vasco,1,1
2015,29,Goiás,Figueirense,2,3
2015,29,Santos,Fluminense,3,1
2015,29,Ponte Preta,Corinthians,2,2
2015,29,Cruzeiro,Grêmio,0,0
2015,29,Chapecoense,Palmeira,5,1
2015,30,Atlético-MG,Internacional,2,1
2015,30,Sport,Avaí,3,0
2015,30,Joinvile,Coritiba,3,1
2015,30,Figueirense,Flamengo,3,0
2015,30,Palmeira,Ponte Preta,0,1
2015,30,Fluminense,São Paulo,2,0
2015,30,Atlético-PR,Cruzeiro,2,2
2015,30,Vasco,Chapecoense,1,1
2015,30,Corinthians,Goiás,3,0
2015,30,Grêmio,Santos,1,0
2015,31,Avaí,Palmeira,1,3
2015,31,Joinvile,Figueirense,1,0
2015,31,Cruzeiro,Fluminense,2,0
2015,31,Ponte Preta,Coritiba,3,0
2015,31,Flamengo,Internacional,0,1
2015,31,São Paulo,Vasco,2,2
2015,31,Atlético-PR,Corinthians,1,4
2015,31,Santos,Goiás,3,1
2015,31,Grêmio,Chapecoense,2,3
2015,31,Sport,Atlético-MG,4,1
2015,32,Fluminense,Atlético-PR,0,1
2015,32,Internacional,Joinvile,1,0
2015,32,Figueirense,Santos,0,0
2015,32,Palmeira,Sport,0,2
2015,32,Corinthians,Flamengo,1,0
2015,32,Vasco,Grêmio,0,0
2015,32,Coritiba,São Paulo,1,2
2015,32,Chapecoense,Avaí,0,0
2015,32,Goiás,Cruzeiro,0,1
2015,32,Atlético-MG,Ponte Preta,2,1
2015,33,São Paulo,Sport,3,0
2015,33,Ponte Preta,Joinvile,1,0
2015,33,Avaí,Cruzeiro,1,1
2015,33,Coritiba,Figueirense,1,1
2015,33,Grêmio,Flamengo,2,0
2015,33,Atlético-MG,Corinthians,0,3
2015,33,Santos,Palmeira,2,1
2015,33,Chapecoense,Atlético-PR,0,0
2015,33,Vasco,Fluminense,0,1
2015,33,Goiás,Internacional,2,1
2015,34,Internacional,Ponte Preta,1,0
2015,34,Corinthians,Coritiba,2,1
2015,34,Atlético-PR,Avaí,2,1
2015,34,Fluminense,Chapecoense,2,3
2015,34,Flamengo,Goiás,4,1
2015,34,Cruzeiro,São Paulo,2,1
2015,34,Figueirense,Atlético-MG,0,1
2015,34,Palmeira,Vasco,0,2
2015,34,Joinvile,Santos,0,0
2015,34,Sport,Grêmio,1,0
2015,35,Cruzeiro,Sport,3,0
2015,35,Goiás,Coritiba,1,3
2015,35,Atlético-PR,Palmeira,3,3
2015,35,Avaí,Joinvile,2,1
2015,35,Ponte Preta,Figueirense,0,1
2015,35,Chapecoense,Internacional,1,0
2015,35,Grêmio,Fluminense,1,0
2015,35,Vasco,Corinthians,1,1
2015,35,São Paulo,Atlético-MG,4,2
2015,35,Santos,Flamengo,0,0
2015,36,Palmeira,Cruzeiro,1,1
2015,36,Corinthians,São Paulo,6,1
2015,36,Joinvile,Vasco,1,2
2015,36,Internacional,Grêmio,1,0
2015,36,Atlético-MG,Goiás,2,2
2015,36,Figueirense,Chapecoense,0,0
2015,36,Flamengo,Ponte Preta,1,1
2015,36,Fluminense,Avaí,3,1
2015,36,Coritiba,Santos,1,0
2015,36,Sport,Atlético-PR,0,0
2015,37,São Paulo,Figueirense,3,2
2015,37,Fluminense,Internacional,1,1
2015,37,Avaí,Ponte Preta,1,0
2015,37,Sport,Corinthians,2,0
2015,37,Vasco,Santos,1,0
2015,37,Grêmio,Atlético-MG,2,1
2015,37,Cruzeiro,Joinvile,3,0
2015,37,Chapecoense,Goiás,1,3
2015,37,Palmeira,Coritiba,0,2
2015,37,Atlético-PR,Flamengo,3,0
2015,38,Corinthians,Avaí,1,1
2015,38,Santos,Atlético-PR,5,1
2015,38,Ponte Preta,Sport,0,1
2015,38,Flamengo,Palmeira,1,2
2015,38,Internacional,Cruzeiro,2,0
2015,38,Atlético-MG,Chapecoense,3,0
2015,38,Figueirense,Fluminense,1,0
2015,38,Coritiba,Vasco,0,0
2015,38,Goiás,São Paulo,0,1
2015,38,Joinvile,Grêmio,0,2
2016,1,Flamengo,Sport,1,0
2016,1,Palmeiras,Atlético-PR,4,0
2016,1,Atlético-MG,Santos,1,0
2016,1,Coritiba,Cruzeiro,1,0
2016,1,Santa Cruz,Vitória,4,1
2016,1,Botafogo,São Paulo,0,1
2016,1,Figueirense,Ponte Preta,0,0
2016,1,Corinthians,Grêmio,0,0
2016,1,América-MG,Fluminense,0,1
2016,1,Internacional,Chapecoense,0,0
2016,2,Ponte Preta,Palmeiras,2,1
2016,2,Fluminense,Santa Cruz,2,2
2016,2,Cruzeiro,Figueirense,2,2
2016,2,Atlético-PR,Atlético-MG,1,1
2016,2,Santos,Coritiba,2,1
2016,2,Chapecoense,América-MG,3,1
2016,2,São Paulo,Internacional,1,2
2016,2,Vitória,Corinthians,3,2
2016,2,Grêmio,Flamengo,1,0
2016,2,Sport,Botafogo,1,1
2016,3,Figueirense,Santos,2,2
2016,3,Botafogo,Atlético-PR,2,1
2016,3,América-MG,Vitória,1,1
2016,3,Flamengo,Chapecoense,2,2
2016,3,Palmeiras,Fluminense,2,0
2016,3,Santa Cruz,Cruzeiro,4,1
2016,3,Coritiba,São Paulo,1,1
2016,3,Corinthians,Ponte Preta,3,0
2016,3,Internacional,Sport,1,0
2016,3,Atlético-MG,Grêmio,0,3
2016,4,Cruzeiro,América-MG,1,1
2016,4,Atlético-PR,Figueirense,2,1
2016,4,Chapecoense,Santa Cruz,1,1
2016,4,Sport,Corinthians,0,2
2016,4,Ponte Preta,Flamengo,1,2
2016,4,Fluminense,Botafogo,1,0
2016,4,Vitória,Atlético-MG,1,1
2016,4,São Paulo,Palmeiras,1,0
2016,4,Santos,Internacional,0,1
2016,4,Grêmio,Coritiba,2,0
2016,5,Internacional,Atlético-PR,1,0
2016,5,Santa Cruz,Sport,0,1
2016,5,Corinthians,Santos,1,0
2016,5,Coritiba,Chapecoense,3,4
2016,5,Botafogo,Cruzeiro,0,1
2016,5,Atlético-MG,Fluminense,1,1
2016,5,Figueirense,São Paulo,1,0
2016,5,América-MG,Ponte Preta,1,2
2016,5,Flamengo,Vitória,1,0
2016,5,Palmeiras,Grêmio,4,3
2016,6,Atlético-PR,Santa Cruz,1,0
2016,6,Corinthians,Coritiba,2,1
2016,6,Chapecoense,Fluminense,0,0
2016,6,América-MG,Figueirense,1,0
2016,6,Santos,Botafogo,3,0
2016,6,Vitória,Internacional,1,0
2016,6,Sport,Atlético-MG,4,4
2016,6,Flamengo,Palmeiras,1,2
2016,6,Grêmio,Ponte Preta,1,0
2016,6,Cruzeiro,São Paulo,0,1
2016,7,Internacional,América-MG,3,1
2016,7,Ponte Preta,Chapecoense,2,1
2016,7,Fluminense,Grêmio,1,1
2016,7,São Paulo,Atlético-PR,1,2
2016,7,Botafogo,Vitória,1,1
2016,7,Coritiba,Sport,3,2
2016,7,Figueirense,Flamengo,1,0
2016,7,Palmeiras,Corinthians,1,0
2016,7,Atlético-MG,Cruzeiro,2,3
2016,7,Santa Cruz,Santos,0,2
2016,8,São Paulo,Vitória,2,0
2016,8,Chapecoense,Grêmio,3,3
2016,8,Ponte Preta,Atlético-PR,3,2
2016,8,Santos,Sport,2,0
2016,8,Santa Cruz,Figueirense,1,0
2016,8,Botafogo,América-MG,3,1
2016,8,Coritiba,Palmeiras,2,2
2016,8,Cruzeiro,Flamengo,0,1
2016,8,Internacional,Atlético-MG,2,0
2016,8,Fluminense,Corinthians,1,0
2016,9,Palmeiras,Santa Cruz,3,1
2016,9,Atlético-PR,Santos,1,0
2016,9,América-MG,Coritiba,2,1
2016,9,Atlético-MG,Ponte Preta,3,0
2016,9,Vitória,Chapecoense,1,2
2016,9,Flamengo,São Paulo,2,2
2016,9,Corinthians,Botafogo,3,1
2016,9,Figueirense,Internacional,3,2
2016,9,Sport,Fluminense,2,1
2016,9,Grêmio,Cruzeiro,2,0
2016,10,Palmeiras,América-MG,2,0
2016,10,Ponte Preta,Cruzeiro,0,4
2016,10,Santa Cruz,Flamengo,0,1
2016,10,Botafogo,Figueirense,0,0
2016,10,Atlético-MG,Corinthians,2,1
2016,10,Fluminense,Santos,2,4
2016,10,Chapecoense,Atlético-PR,0,0
2016,10,Grêmio,Vitória,1,2
2016,10,São Paulo,Sport,0,0
2016,10,Coritiba,Internacional,1,1
2016,11,Cruzeiro,Palmeiras,2,1
2016,11,Corinthians,Santa Cruz,2,1
2016,11,América-MG,Atlético-MG,0,1
2016,11,Internacional,Botafogo,2,3
2016,11,Atlético-PR,Grêmio,2,0
2016,11,Santos,São Paulo,3,0
2016,11,Vitória,Ponte Preta,1,1
2016,11,Flamengo,Fluminense,1,2
2016,11,Figueirense,Coritiba,0,0
2016,11,Sport,Chapecoense,5,1
2016,12,Vitória,Sport,3,2
2016,12,Flamengo,Internacional,1,0
2016,12,Grêmio,Santos,3,2
2016,12,Coritiba,Atlético-PR,1,0
2016,12,Chapecoense,Cruzeiro,3,2
2016,12,América-MG,Corinthians,0,2
2016,12,São Paulo,Fluminense,2,1
2016,12,Palmeiras,Figueirense,4,0
2016,12,Santa Cruz,Ponte Preta,0,3
2016,12,Atlético-MG,Botafogo,5,3
2016,13,Fluminense,Coritiba,0,0
2016,13,Atlético-PR,América-MG,1,0
2016,13,Cruzeiro,Vitória,2,2
2016,13,Internacional,Grêmio,0,1
2016,13,Corinthians,Flamengo,4,0
2016,13,Santos,Chapecoense,3,0
2016,13,Botafogo,Santa Cruz,2,1
2016,13,Ponte Preta,São Paulo,1,0
2016,13,Figueirense,Atlético-MG,1,1
2016,13,Sport,Palmeiras,1,3
2016,14,Coritiba,Botafogo,0,0
2016,14,Chapecoense,Corinthians,0,2
2016,14,Ponte Preta,Sport,2,1
2016,14,Flamengo,Atlético-MG,2,0
2016,14,Grêmio,Figueirense,2,1
2016,14,São Paulo,América-MG,3,0
2016,14,Santa Cruz,Internacional,1,0
2016,14,Vitória,Fluminense,0,0
2016,14,Cruzeiro,Atlético-PR,0,3
2016,14,Palmeiras,Santos,1,1
2016,15,Botafogo,Flamengo,3,3
2016,15,Santos,Ponte Preta,3,1
2016,15,América-MG,Santa Cruz,0,3
2016,15,Internacional,Palmeiras,0,1
2016,15,Atlético-PR,Vitória,1,1
2016,15,Figueirense,Chapecoense,1,1
2016,15,Fluminense,Cruzeiro,2,0
2016,15,Corinthians,São Paulo,1,1
2016,15,Sport,Grêmio,4,2
2016,15,Atlético-MG,Coritiba,2,1
2016,16,Corinthians,Figueirense,1,1
2016,16,Santa Cruz,Coritiba,0,1
2016,16,Palmeiras,Atlético-MG,0,1
2016,16,Ponte Preta,Internacional,2,2
2016,16,Cruzeiro,Sport,1,2
2016,16,Grêmio,São Paulo,1,0
2016,16,Atlético-PR,Fluminense,1,0
2016,16,Chapecoense,Botafogo,2,1
2016,16,Vitória,Santos,2,3
2016,16,Flamengo,América-MG,2,1
2016,17,Sport,Atlético-PR,2,0
2016,17,Figueirense,Vitória,1,0
2016,17,Atlético-MG,Santa Cruz,3,0
2016,17,Fluminense,Ponte Preta,3,0
2016,17,São Paulo,Chapecoense,2,2
2016,17,Internacional,Corinthians,0,1
2016,17,Santos,Cruzeiro,2,0
2016,17,Coritiba,Flamengo,0,2
2016,17,América-MG,Grêmio,0,0
2016,17,Botafogo,Palmeiras,3,1
2016,18,Vitória,Coritiba,3,1
2016,18,Sport,América-MG,1,1
2016,18,Santos,Flamengo,0,0
2016,18,Atlético-PR,Corinthians,2,0
2016,18,Ponte Preta,Botafogo,2,0
2016,18,Grêmio,Santa Cruz,0,0
2016,18,São Paulo,Atlético-MG,1,2
2016,18,Cruzeiro,Internacional,4,2
2016,18,Chapecoense,Palmeiras,1,1
2016,18,Fluminense,Figueirense,3,2
2016,19,Flamengo,Atlético-PR,1,0
2016,19,América-MG,Santos,1,0
2016,19,Coritiba,Ponte Preta,3,1
2016,19,Palmeiras,Vitória,2,1
2016,19,Santa Cruz,São Paulo,1,2
2016,19,Internacional,Fluminense,2,2
2016,19,Figueirense,Sport,1,1
2016,19,Atlético-MG,Chapecoense,3,1
2016,19,Corinthians,Cruzeiro,1,1
2016,19,Botafogo,Grêmio,2,1
2016,20,Sport,Flamengo,1,0
2016,20,Ponte Preta,Figueirense,2,0
2016,20,Grêmio,Corinthians,3,0
2016,20,Fluminense,América-MG,1,0
2016,20,Santos,Atlético-MG,3,0
2016,20,Cruzeiro,Coritiba,2,2
2016,20,Vitória,Santa Cruz,2,2
2016,20,São Paulo,Botafogo,0,1
2016,20,Atlético-PR,Palmeiras,0,1
2016,20,Chapecoense,Internacional,1,0
2016,21,América-MG,Chapecoense,1,2
2016,21,Botafogo,Sport,3,0
2016,21,Flamengo,Grêmio,2,1
2016,21,Atlético-MG,Atlético-PR,1,0
2016,21,Internacional,São Paulo,1,1
2016,21,Palmeiras,Ponte Preta,2,2
2016,21,Santa Cruz,Fluminense,0,1
2016,21,Coritiba,Santos,2,1
2016,21,Figueirense,Cruzeiro,1,2
2016,21,Corinthians,Vitória,2,1
2016,22,Ponte Preta,Corinthians,2,0
2016,22,Santos,Figueirense,0,1
2016,22,Cruzeiro,Santa Cruz,2,0
2016,22,Grêmio,Atlético-MG,1,1
2016,22,Chapecoense,Flamengo,1,3
2016,22,Fluminense,Palmeiras,0,2
2016,22,São Paulo,Coritiba,0,0
2016,22,Vitória,América-MG,2,1
2016,22,Sport,Internacional,1,1
2016,22,Atlético-PR,Botafogo,1,0
2016,23,Botafogo,Fluminense,1,0
2016,23,Santa Cruz,Chapecoense,2,2
2016,23,Figueirense,Atlético-PR,1,0
2016,23,Atlético-MG,Vitória,2,1
2016,23,Palmeiras,São Paulo,2,1
2016,23,Flamengo,Ponte Preta,2,1
2016,23,Coritiba,Grêmio,4,0
2016,23,Corinthians,Sport,3,0
2016,23,Internacional,Santos,2,1
2016,23,América-MG,Cruzeiro,0,2
2016,24,Vitória,Flamengo,1,2
2016,24,Chapecoense,Coritiba,1,0
2016,24,São Paulo,Figueirense,3,1
2016,24,Santos,Corinthians,2,1
2016,24,Cruzeiro,Botafogo,0,2
2016,24,Sport,Santa Cruz,5,3
2016,24,Atlético-PR,Internacional,2,1
2016,24,Grêmio,Palmeiras,0,0
2016,24,Ponte Preta,América-MG,1,1
2016,24,Fluminense,Atlético-MG,4,2
2016,25,Botafogo,Santos,0,1
2016,25,Figueirense,América-MG,2,2
2016,25,Ponte Preta,Grêmio,3,0
2016,25,Santa Cruz,Atlético-PR,1,0
2016,25,Coritiba,Corinthians,1,1
2016,25,Palmeiras,Flamengo,1,1
2016,25,Atlético-MG,Sport,1,0
2016,25,Fluminense,Chapecoense,1,2
2016,25,São Paulo,Cruzeiro,1,0
2016,25,Internacional,Vitória,0,1
2016,26,Corinthians,Palmeiras,0,2
2016,26,Flamengo,Figueirense,2,0
2016,26,Sport,Coritiba,0,1
2016,26,Cruzeiro,Atlético-MG,1,1
2016,26,Grêmio,Fluminense,0,1
2016,26,Atlético-PR,São Paulo,1,0
2016,26,Chapecoense,Ponte Preta,2,2
2016,26,Vitória,Botafogo,0,1
2016,26,Santos,Santa Cruz,3,2
2016,26,América-MG,Internacional,1,0
2016,27,Palmeiras,Coritiba,2,1
2016,27,Sport,Santos,1,0
2016,27,América-MG,Botafogo,1,0
2016,27,Figueirense,Santa Cruz,3,1
2016,27,Atlético-PR,Ponte Preta,3,0
2016,27,Grêmio,Chapecoense,1,0
2016,27,Vitória,São Paulo,2,0
2016,27,Flamengo,Cruzeiro,2,1
2016,27,Corinthians,Fluminense,0,1
2016,27,Atlético-MG,Internacional,3,1
2016,28,Fluminense,Sport,3,1
2016,28,São Paulo,Flamengo,0,0
2016,28,Santos,Atlético-PR,2,0
2016,28,Chapecoense,Vitória,1,4
2016,28,Ponte Preta,Atlético-MG,1,2
2016,28,Botafogo,Corinthians,2,0
2016,28,Cruzeiro,Grêmio,1,0
2016,28,Internacional,Figueirense,1,0
2016,28,Santa Cruz,Palmeiras,2,3
2016,28,Coritiba,América-MG,3,0
2016,29,Atlético-PR,Chapecoense,3,1
2016,29,Vitória,Grêmio,0,1
2016,29,Santos,Fluminense,2,1
2016,29,Corinthians,Atlético-MG,0,0
2016,29,Sport,São Paulo,1,1
2016,29,Internacional,Coritiba,1,0
2016,29,Cruzeiro,Ponte Preta,2,0
2016,29,Flamengo,Santa Cruz,3,0
2016,29,Figueirense,Botafogo,0,1
2016,29,América-MG,Palmeiras,0,2
2016,30,Chapecoense,Sport,3,0
2016,30,Coritiba,Figueirense,0,0
2016,30,Santa Cruz,Corinthians,2,4
2016,30,Botafogo,Internacional,1,0
2016,30,Ponte Preta,Vitória,2,0
2016,30,Palmeiras,Cruzeiro,0,0
2016,30,Atlético-MG,América-MG,3,0
2016,30,Grêmio,Atlético-PR,1,0
2016,30,Fluminense,Flamengo,1,2
2016,30,São Paulo,Santos,0,1
2016,31,Botafogo,Atlético-MG,3,2
2016,31,Cruzeiro,Chapecoense,0,0
2016,31,Internacional,Flamengo,2,1
2016,31,Atlético-PR,Coritiba,2,0
2016,31,Figueirense,Palmeiras,1,2
2016,31,Ponte Preta,Santa Cruz,3,0
2016,31,Corinthians,América-MG,2,0
2016,31,Santos,Grêmio,1,1
2016,31,Sport,Vitória,1,0
2016,31,Fluminense,São Paulo,1,2
2016,32,Santa Cruz,Botafogo,0,1
2016,32,São Paulo,Ponte Preta,2,0
2016,32,Palmeiras,Sport,2,1
2016,32,Grêmio,Internacional,0,0
2016,32,Vitória,Cruzeiro,0,1
2016,32,Flamengo,Corinthians,2,2
2016,32,Coritiba,Fluminense,1,1
2016,32,Chapecoense,Santos,0,1
2016,32,Atlético-MG,Figueirense,3,0
2016,32,América-MG,Atlético-PR,1,0
2016,33,Sport,Ponte Preta,1,0
2016,33,Fluminense,Vitória,2,2
2016,33,Corinthians,Chapecoense,1,1
2016,33,Atlético-MG,Flamengo,2,2
2016,33,Atlético-PR,Cruzeiro,1,0
2016,33,Internacional,Santa Cruz,1,1
2016,33,Botafogo,Coritiba,0,0
2016,33,Santos,Palmeiras,1,0
2016,33,Figueirense,Grêmio,0,0
2016,33,América-MG,São Paulo,1,0
2016,34,Flamengo,Botafogo,0,0
2016,34,São Paulo,Corinthians,4,0
2016,34,Ponte Preta,Santos,1,2
2016,34,Santa Cruz,América-MG,1,0
2016,34,Vitória,Atlético-PR,3,2
2016,34,Palmeiras,Internacional,1,0
2016,34,Cruzeiro,Fluminense,4,2
2016,34,Coritiba,Atlético-MG,2,0
2016,34,Chapecoense,Figueirense,1,0
2016,34,Grêmio,Sport,0,3
2016,35,Fluminense,Atlético-PR,1,1
2016,35,Botafogo,Chapecoense,0,2
2016,35,Coritiba,Santa Cruz,1,0
2016,35,Figueirense,Corinthians,1,1
2016,35,América-MG,Flamengo,0,1
2016,35,Sport,Cruzeiro,0,1
2016,35,São Paulo,Grêmio,1,1
2016,35,Santos,Vitória,3,2
2016,35,Atlético-MG,Palmeiras,1,1
2016,35,Internacional,Ponte Preta,1,1
2016,36,Vitória,Figueirense,4,0
2016,36,Palmeiras,Botafogo,1,0
2016,36,Cruzeiro,Santos,2,2
2016,36,Grêmio,América-MG,3,0
2016,36,Atlético-PR,Sport,2,0
2016,36,Ponte Preta,Fluminense,1,0
2016,36,Santa Cruz,Atlético-MG,3,3
2016,36,Chapecoense,São Paulo,2,0
2016,36,Flamengo,Coritiba,2,2
2016,36,Corinthians,Internacional,1,0
2016,37,Botafogo,Ponte Preta,1,1
2016,37,América-MG,Sport,2,2
2016,37,Corinthians,Atlético-PR,0,0
2016,37,Palmeiras,Chapecoense,1,0
2016,37,Atlético-MG,São Paulo,1,2
2016,37,Internacional,Cruzeiro,1,0
2016,37,Flamengo,Santos,2,0
2016,37,Figueirense,Fluminense,1,0
2016,37,Santa Cruz,Grêmio,5,1
2016,37,Coritiba,Vitória,0,1
2016,38,Vitória,Palmeiras,1,2
2016,38,Fluminense,Internacional,1,1
2016,38,São Paulo,Santa Cruz,5,0
2016,38,Santos,América-MG,1,0
2016,38,Cruzeiro,Corinthians,3,2
2016,38,Grêmio,Botafogo,0,1
2016,38,Atlético-PR,Flamengo,0,0
2016,38,Ponte Preta,Coritiba,2,0
2016,38,Sport,Figueirense,2,0
2017,1,Flamengo,Atlético-MG,1,1
2017,1,Corinthians,Chapecoense,1,1
2017,1,Fluminense,Santos,3,2
2017,1,Palmeiras,Vasco,4,0
2017,1,Cruzeiro,São Paulo,1,0
2017,1,Bahia,Atlético-PR,6,2
2017,1,Ponte Preta,Sport,4,0
2017,1,Avaí,Vitória,0,0
2017,1,Grêmio,Botafogo,2,0
2017,1,Coritiba,Atlético-GO,4,1
2017,2,Santos,Coritiba,1,0
2017,2,Atlético-GO,Flamengo,0,3
2017,2,Chapecoense,Palmeiras,1,0
2017,2,Vasco,Bahia,2,1
2017,2,Atlético-MG,Fluminense,1,2
2017,2,Atlético-PR,Grêmio,0,2
2017,2,Vitória,Corinthians,0,1
2017,2,Botafogo,Ponte Preta,2,0
2017,2,Sport,Cruzeiro,1,1
2017,2,São Paulo,Avaí,2,0
2017,3,Vasco,Fluminense,3,2
2017,3,São Paulo,Palmeiras,2,0
2017,3,Vitória,Coritiba,0,1
2017,3,Atlético-MG,Ponte Preta,2,2
2017,3,Santos,Cruzeiro,0,1
2017,3,Atlético-PR,Flamengo,1,1
2017,3,Atlético-GO,Corinthians,0,1
2017,3,Sport,Grêmio,4,3
2017,3,Botafogo,Bahia,1,0
2017,3,Chapecoense,Avaí,2,0
2017,4,Coritiba,Atlético-PR,1,0
2017,4,Fluminense,Vitória,2,1
2017,4,Corinthians,Santos,2,0
2017,4,Flamengo,Botafogo,0,0
2017,4,Avaí,Sport,1,0
2017,4,Palmeiras,Atlético-MG,0,0
2017,4,Grêmio,Vasco,2,0
2017,4,Ponte Preta,São Paulo,1,0
2017,4,Cruzeiro,Chapecoense,0,2
2017,4,Bahia,Atlético-GO,3,0
2017,5,Fluminense,Atlético-PR,1,1
2017,5,Atlético-MG,Avaí,1,0
2017,5,Coritiba,Palmeiras,1,0
2017,5,Santos,Botafogo,1,0
2017,5,Vasco,Corinthians,2,5
2017,5,Sport,Flamengo,2,0
2017,5,São Paulo,Vitória,2,0
2017,5,Atlético-GO,Ponte Preta,3,0
2017,5,Chapecoense,Grêmio,3,6
2017,5,Bahia,Cruzeiro,1,0
2017,6,Palmeiras,Fluminense,3,1
2017,6,Vasco,Sport,2,1
2017,6,Botafogo,Coritiba,2,2
2017,6,Corinthians,São Paulo,3,2
2017,6,Vitória,Atlético-MG,2,0
2017,6,Ponte Preta,Chapecoense,3,2
2017,6,Avaí,Flamengo,1,1
2017,6,Cruzeiro,Atlético-GO,2,0
2017,6,Atlético-PR,Santos,0,2
2017,6,Grêmio,Bahia,1,0
2017,7,Sport,São Paulo,0,0
2017,7,Atlético-MG,Atlético-PR,0,1
2017,7,Vitória,Botafogo,2,2
2017,7,Atlético-GO,Avaí,3,1
2017,7,Flamengo,Ponte Preta,2,0
2017,7,Santos,Palmeiras,1,0
2017,7,Corinthians,Cruzeiro,1,0
2017,7,Chapecoense,Vasco,2,1
2017,7,Coritiba,Bahia,0,0
2017,7,Fluminense,Grêmio,0,2
2017,8,Atlético-GO,Atlético-PR,0,1
2017,8,Vasco,Avaí,1,0
2017,8,Santos,Ponte Preta,0,0
2017,8,Coritiba,Corinthians,0,0
2017,8,Fluminense,Flamengo,2,2
2017,8,São Paulo,Atlético-MG,1,2
2017,8,Bahia,Palmeiras,2,4
2017,8,Chapecoense,Botafogo,0,2
2017,8,Sport,Vitória,1,3
2017,8,Cruzeiro,Grêmio,3,3
2017,9,Vitória,Santos,0,2
2017,9,Botafogo,Vasco,3,1
2017,9,Palmeiras,Atlético-GO,1,0
2017,9,Avaí,Fluminense,0,3
2017,9,Atlético-PR,São Paulo,1,0
2017,9,Atlético-MG,Sport,2,2
2017,9,Corinthians,Bahia,3,0
2017,9,Ponte Preta,Cruzeiro,1,0
2017,9,Grêmio,Coritiba,2,0
2017,9,Flamengo,Chapecoense,5,1
2017,10,Santos,Sport,0,1
2017,10,Vasco,Atlético-GO,1,0
2017,10,Atlético-PR,Vitória,4,1
2017,10,Cruzeiro,Coritiba,2,0
2017,10,Grêmio,Corinthians,0,1
2017,10,São Paulo,Fluminense,1,1
2017,10,Ponte Preta,Palmeiras,1,2
2017,10,Bahia,Flamengo,0,1
2017,10,Chapecoense,Atlético-MG,0,1
2017,10,Botafogo,Avaí,0,2
2017,11,Palmeiras,Grêmio,1,0
2017,11,Atlético-GO,Santos,1,1
2017,11,Flamengo,São Paulo,2,0
2017,11,Corinthians,Botafogo,1,0
2017,11,Atlético-MG,Cruzeiro,3,1
2017,11,Sport,Atlético-PR,1,0
2017,11,Vitória,Bahia,0,0
2017,11,Coritiba,Vasco,2,2
2017,11,Avaí,Ponte Preta,0,0
2017,11,Fluminense,Chapecoense,3,3
2017,12,Atlético-GO,Vitória,1,2
2017,12,Vasco,Flamengo,0,1
2017,12,Corinthians,Ponte Preta,2,0
2017,12,Chapecoense,Atlético-PR,1,1
2017,12,Cruzeiro,Palmeiras,3,1
2017,12,Grêmio,Avaí,0,2
2017,12,Bahia,Fluminense,1,1
2017,12,Botafogo,Atlético-MG,1,1
2017,12,Santos,São Paulo,3,2
2017,12,Coritiba,Sport,0,3
2017,13,Atlético-MG,Santos,0,1
2017,13,Ponte Preta,Bahia,0,3
2017,13,Fluminense,Botafogo,0,1
2017,13,Palmeiras,Corinthians,0,2
2017,13,Atlético-PR,Cruzeiro,0,2
2017,13,Vitória,Vasco,1,4
2017,13,Flamengo,Grêmio,0,1
2017,13,São Paulo,Atlético-GO,2,2
2017,13,Sport,Chapecoense,3,0
2017,13,Avaí,Coritiba,1,4
2017,14,Corinthians,Atlético-PR,2,2
2017,14,Palmeiras,Vitória,4,2
2017,14,Vasco,Santos,0,0
2017,14,Cruzeiro,Flamengo,1,1
2017,14,Grêmio,Ponte Preta,3,1
2017,14,Atlético-GO,Atlético-MG,1,2
2017,14,Chapecoense,São Paulo,2,0
2017,14,Coritiba,Fluminense,1,2
2017,14,Bahia,Avaí,1,1
2017,14,Botafogo,Sport,2,1
2017,15,Santos,Chapecoense,1,0
2017,15,Vitória,Grêmio,1,3
2017,15,Ponte Preta,Coritiba,4,0
2017,15,Avaí,Corinthians,0,0
2017,15,Flamengo,Palmeiras,2,2
2017,15,São Paulo,Vasco,1,0
2017,15,Atlético-MG,Bahia,0,2
2017,15,Fluminense,Cruzeiro,1,1
2017,15,Sport,Atlético-GO,4,0
2017,15,Atlético-PR,Botafogo,0,0
2017,16,Vitória,Chapecoense,1,2
2017,16,Flamengo,Coritiba,2,1
2017,16,Santos,Bahia,3,0
2017,16,Fluminense,Corinthians,0,1
2017,16,Sport,Palmeiras,0,2
2017,16,Avaí,Cruzeiro,1,0
2017,16,Atlético-MG,Vasco,1,2
2017,16,Atlético-PR,Ponte Preta,0,2
2017,16,Atlético-GO,Botafogo,1,1
2017,16,São Paulo,Grêmio,1,1
2017,17,Botafogo,São Paulo,3,4
2017,17,Palmeiras,Avaí,2,0
2017,17,Chapecoense,Atlético-GO,1,2
2017,17,Corinthians,Flamengo,1,1
2017,17,Coritiba,Atlético-MG,0,2
2017,17,Bahia,Sport,1,3
2017,17,Cruzeiro,Vitória,0,0
2017,17,Grêmio,Santos,1,1
2017,17,Vasco,Atlético-PR,0,1
2017,17,Ponte Preta,Fluminense,0,0
2017,18,Sport,Fluminense,2,2
2017,18,Chapecoense,Bahia,1,1
2017,18,Atlético-MG,Corinthians,0,2
2017,18,Vitória,Ponte Preta,3,1
2017,18,Botafogo,Palmeiras,1,2
2017,18,Santos,Flamengo,3,2
2017,18,Atlético-GO,Grêmio,0,1
2017,18,São Paulo,Coritiba,1,2
2017,18,Atlético-PR,Avaí,5,0
2017,18,Vasco,Cruzeiro,0,3
2017,19,Fluminense,Atlético-GO,3,1
2017,19,Corinthians,Sport,3,1
2017,19,Flamengo,Vitória,0,2
2017,19,Palmeiras,Atlético-PR,0,1
2017,19,Cruzeiro,Botafogo,0,0
2017,19,Coritiba,Chapecoense,2,0
2017,19,Grêmio,Atlético-MG,2,0
2017,19,Bahia,São Paulo,2,1
2017,19,Ponte Preta,Vasco,0,0
2017,19,Avaí,Santos,0,0
2017,20,Atlético-GO,Coritiba,1,0
2017,20,Vitória,Avaí,0,1
2017,20,São Paulo,Cruzeiro,3,2
2017,20,Vasco,Palmeiras,1,1
2017,20,Atlético-MG,Flamengo,2,0
2017,20,Sport,Ponte Preta,0,0
2017,20,Botafogo,Grêmio,1,0
2017,20,Atlético-PR,Bahia,4,1
2017,20,Santos,Fluminense,0,0
2017,20,Chapecoense,Corinthians,0,1
2017,21,Corinthians,Vitória,0,1
2017,21,Flamengo,Atlético-GO,2,0
2017,21,Grêmio,Atlético-PR,0,0
2017,21,Cruzeiro,Sport,2,0
2017,21,Bahia,Vasco,3,0
2017,21,Ponte Preta,Botafogo,2,1
2017,21,Avaí,São Paulo,1,1
2017,21,Palmeiras,Chapecoense,0,2
2017,21,Coritiba,Santos,0,0
2017,21,Fluminense,Atlético-MG,2,1
2017,22,Fluminense,Vasco,0,1
2017,22,Corinthians,Atlético-GO,0,1
2017,22,Flamengo,Atlético-PR,2,0
2017,22,Palmeiras,São Paulo,4,2
2017,22,Bahia,Botafogo,1,2
2017,22,Ponte Preta,Atlético-MG,1,2
2017,22,Cruzeiro,Santos,1,1
2017,22,Avaí,Chapecoense,1,0
2017,22,Coritiba,Vitória,0,1
2017,22,Grêmio,Sport,5,0
2017,23,Atlético-MG,Palmeiras,1,1
2017,23,Vasco,Grêmio,1,0
2017,23,São Paulo,Ponte Preta,2,2
2017,23,Atlético-PR,Coritiba,1,1
2017,23,Santos,Corinthians,2,0
2017,23,Sport,Avaí,0,1
2017,23,Vitória,Fluminense,2,2
2017,23,Botafogo,Flamengo,2,0
2017,23,Chapecoense,Cruzeiro,1,2
2017,23,Atlético-GO,Bahia,1,1
2017,24,Botafogo,Santos,2,0
2017,24,Ponte Preta,Atlético-GO,1,3
2017,24,Avaí,Atlético-MG,1,1
2017,24,Flamengo,Sport,2,0
2017,24,Corinthians,Vasco,1,0
2017,24,Atlético-PR,Fluminense,3,1
2017,24,Grêmio,Chapecoense,0,1
2017,24,Vitória,São Paulo,1,2
2017,24,Cruzeiro,Bahia,1,0
2017,24,Palmeiras,Coritiba,1,0
2017,25,Flamengo,Avaí,1,1
2017,25,Santos,Atlético-PR,1,0
2017,25,São Paulo,Corinthians,1,1
2017,25,Fluminense,Palmeiras,0,1
2017,25,Coritiba,Botafogo,2,3
2017,25,Atlético-GO,Cruzeiro,1,2
2017,25,Chapecoense,Ponte Preta,1,0
2017,25,Atlético-MG,Vitória,1,3
2017,25,Bahia,Grêmio,1,0
2017,25,Sport,Vasco,1,1
2017,26,Vasco,Chapecoense,1,1
2017,26,Bahia,Coritiba,1,1
2017,26,Palmeiras,Santos,0,1
2017,26,Botafogo,Vitória,2,3
2017,26,São Paulo,Sport,1,0
2017,26,Cruzeiro,Corinthians,1,1
2017,26,Grêmio,Fluminense,1,0
2017,26,Avaí,Atlético-GO,0,2
2017,26,Atlético-PR,Atlético-MG,0,2
2017,26,Ponte Preta,Flamengo,1,0
2017,27,Botafogo,Chapecoense,2,1
2017,27,Atlético-PR,Atlético-GO,2,2
2017,27,Corinthians,Coritiba,3,1
2017,27,Atlético-MG,São Paulo,1,0
2017,27,Grêmio,Cruzeiro,0,1
2017,27,Avaí,Vasco,1,2
2017,27,Flamengo,Fluminense,1,1
2017,27,Vitória,Sport,1,2
2017,27,Ponte Preta,Santos,1,1
2017,27,Palmeiras,Bahia,2,2
2017,28,Cruzeiro,Ponte Preta,2,1
2017,28,Vasco,Botafogo,1,0
2017,28,São Paulo,Atlético-PR,2,1
2017,28,Fluminense,Avaí,1,0
2017,28,Sport,Atlético-MG,1,1
2017,28,Atlético-GO,Palmeiras,1,3
2017,28,Chapecoense,Flamengo,0,1
2017,28,Coritiba,Grêmio,0,1
2017,28,Bahia,Corinthians,2,0
2017,28,Santos,Vitória,2,2
2017,29,Coritiba,Cruzeiro,1,0
2017,29,Atlético-GO,Vasco,0,1
2017,29,Atlético-MG,Chapecoense,2,3
2017,29,Fluminense,São Paulo,3,1
2017,29,Corinthians,Grêmio,0,0
2017,29,Avaí,Botafogo,1,1
2017,29,Palmeiras,Ponte Preta,2,0
2017,29,Vitória,Atlético-PR,2,3
2017,29,Flamengo,Bahia,4,1
2017,29,Sport,Santos,1,1
2017,30,Vasco,Coritiba,1,1
2017,30,Santos,Atlético-GO,1,0
2017,30,São Paulo,Flamengo,2,0
2017,30,Cruzeiro,Atlético-MG,1,3
2017,30,Atlético-PR,Sport,2,1
2017,30,Grêmio,Palmeiras,1,3
2017,30,Bahia,Vitória,2,1
2017,30,Ponte Preta,Avaí,1,2
2017,30,Chapecoense,Fluminense,2,0
2017,30,Botafogo,Corinthians,2,1
2017,31,São Paulo,Santos,2,1
2017,31,Flamengo,Vasco,0,0
2017,31,Atlético-PR,Chapecoense,0,0
2017,31,Fluminense,Bahia,1,1
2017,31,Atlético-MG,Botafogo,0,0
2017,31,Ponte Preta,Corinthians,1,0
2017,31,Sport,Coritiba,3,4
2017,31,Vitória,Atlético-GO,1,1
2017,31,Avaí,Grêmio,2,2
2017,31,Palmeiras,Cruzeiro,2,2
2017,32,Santos,Atlético-MG,3,1
2017,32,Botafogo,Fluminense,1,2
2017,32,Atlético-GO,São Paulo,0,1
2017,32,Coritiba,Avaí,4,0
2017,32,Corinthians,Palmeiras,3,2
2017,32,Cruzeiro,Atlético-PR,1,0
2017,32,Grêmio,Flamengo,3,1
2017,32,Bahia,Ponte Preta,2,0
2017,32,Vasco,Vitória,1,1
2017,32,Chapecoense,Sport,1,1
2017,33,Ponte Preta,Grêmio,0,1
2017,33,Avaí,Bahia,1,2
2017,33,Atlético-PR,Corinthians,0,1
2017,33,Sport,Botafogo,1,2
2017,33,Flamengo,Cruzeiro,2,0
2017,33,Santos,Vasco,1,2
2017,33,Vitória,Palmeiras,3,1
2017,33,São Paulo,Chapecoense,2,2
2017,33,Atlético-MG,Atlético-GO,3,2
2017,33,Fluminense,Coritiba,2,2
2017,34,Botafogo,Atlético-PR,0,1
2017,34,Corinthians,Avaí,1,0
2017,34,Vasco,São Paulo,1,1
2017,34,Palmeiras,Flamengo,2,0
2017,34,Grêmio,Vitória,1,1
2017,34,Atlético-GO,Sport,2,0
2017,34,Bahia,Atlético-MG,2,2
2017,34,Cruzeiro,Fluminense,3,1
2017,34,Coritiba,Ponte Preta,1,1
2017,34,Chapecoense,Santos,2,0
2017,35,Ponte Preta,Atlético-PR,2,1
2017,35,Cruzeiro,Avaí,2,2
2017,35,Grêmio,São Paulo,1,0
2017,35,Vasco,Atlético-MG,1,1
2017,35,Corinthians,Fluminense,3,1
2017,35,Botafogo,Atlético-GO,1,2
2017,35,Palmeiras,Sport,5,1
2017,35,Chapecoense,Vitória,2,1
2017,35,Coritiba,Flamengo,1,0
2017,35,Bahia,Santos,3,1
2017,36,Flamengo,Corinthians,3,0
2017,36,São Paulo,Botafogo,0,0
2017,36,Sport,Bahia,1,0
2017,36,Vitória,Cruzeiro,1,1
2017,36,Atlético-GO,Chapecoense,1,1
2017,36,Santos,Grêmio,1,0
2017,36,Atlético-MG,Coritiba,3,0
2017,36,Atlético-PR,Vasco,3,1
2017,36,Fluminense,Ponte Preta,2,0
2017,36,Avaí,Palmeiras,2,1
2017,37,Fluminense,Sport,1,2
2017,37,Corinthians,Atlético-MG,2,2
2017,37,Cruzeiro,Vasco,0,1
2017,37,Coritiba,São Paulo,1,2
2017,37,Grêmio,Atlético-GO,1,1
2017,37,Ponte Preta,Vitória,2,3
2017,37,Avaí,Atlético-PR,1,0
2017,37,Flamengo,Santos,1,2
2017,37,Bahia,Chapecoense,0,1
2017,37,Palmeiras,Botafogo,2,0
2017,38,Botafogo,Cruzeiro,2,2
2017,38,Vasco,Ponte Preta,2,1
2017,38,Santos,Avaí,1,1
2017,38,São Paulo,Bahia,1,1
2017,38,Atlético-MG,Grêmio,4,3
2017,38,Atlético-PR,Palmeiras,3,0
2017,38,Sport,Corinthians,1,0
2017,38,Vitória,Flamengo,1,2
2017,38,Atlético-GO,Fluminense,1,1
2017,38,Chapecoense,Coritiba,2,1
2018,1,Cruzeiro,Grêmio,0,1
2018,1,Atlético-PR,Chapecoense,5,1
2018,1,América-MG,Sport,3,0
2018,1,Vitória,Flamengo,2,2
2018,1,Vasco,Atlético-MG,2,1
2018,1,Botafogo,Palmeiras,1,1
2018,1,São Paulo,Paraná,1,0
2018,1,Santos,Ceará,2,0
2018,1,Corinthians,Fluminense,2,1
2018,1,Internacional,Bahia,2,0
2018,2,Atlético-MG,Vitória,2,1
2018,2,Paraná,Corinthians,0,4
2018,2,Chapecoense,Vasco,1,1
2018,2,Bahia,Santos,1,0
2018,2,Fluminense,Cruzeiro,1,0
2018,2,Flamengo,América-MG,2,0
2018,2,Ceará,São Paulo,0,0
2018,2,Sport,Botafogo,1,1
2018,2,Palmeiras,Internacional,1,0
2018,2,Grêmio,Atlético-PR,0,0
2018,3,Atlético-MG,Corinthians,1,0
2018,3,Paraná,Sport,1,2
2018,3,América-MG,Vitória,2,1
2018,3,Bahia,Atlético-PR,0,0
2018,3,Fluminense,São Paulo,1,1
2018,3,Botafogo,Grêmio,2,1
2018,3,Ceará,Flamengo,0,3
2018,3,Santos,Vasco,1,1
2018,3,Palmeiras,Chapecoense,0,0
2018,3,Internacional,Cruzeiro,0,0
2018,4,Cruzeiro,Botafogo,1,0
2018,4,Atlético-PR,Palmeiras,1,3
2018,4,Chapecoense,Paraná,1,1
2018,4,Vitória,Fluminense,1,2
2018,4,Vasco,América-MG,4,1
2018,4,Flamengo,Internacional,2,0
2018,4,São Paulo,Atlético-MG,2,2
2018,4,Sport,Bahia,2,0
2018,4,Corinthians,Ceará,1,1
2018,4,Grêmio,Santos,5,1
2018,5,Cruzeiro,Sport,2,0
2018,5,Atlético-PR,Atlético-MG,1,2
2018,5,Chapecoense,Flamengo,3,2
2018,5,Bahia,São Paulo,2,2
2018,5,Vasco,Vitória,2,3
2018,5,Botafogo,Fluminense,2,1
2018,5,Ceará,América-MG,2,2
2018,5,Santos,Paraná,3,1
2018,5,Corinthians,Palmeiras,1,0
2018,5,Grêmio,Internacional,0,0
2018,6,Atlético-MG,Cruzeiro,1,0
2018,6,Paraná,Grêmio,0,0
2018,6,América-MG,Botafogo,1,0
2018,6,Vitória,Ceará,2,1
2018,6,Fluminense,Atlético-PR,2,0
2018,6,Flamengo,Vasco,1,1
2018,6,São Paulo,Santos,1,0
2018,6,Sport,Corinthians,1,1
2018,6,Palmeiras,Bahia,3,0
2018,6,Internacional,Chapecoense,3,0
2018,7,Atlético-MG,Flamengo,0,1
2018,7,Paraná,Atlético-PR,0,0
2018,7,América-MG,São Paulo,1,3
2018,7,Bahia,Vasco,3,0
2018,7,Fluminense,Chapecoense,3,1
2018,7,Botafogo,Vitória,1,1
2018,7,Ceará,Grêmio,0,1
2018,7,Santos,Cruzeiro,0,1
2018,7,Palmeiras,Sport,2,3
2018,7,Internacional,Corinthians,2,1
2018,8,Cruzeiro,Palmeiras,1,0
2018,8,Atlético-PR,Santos,2,0
2018,8,Chapecoense,Ceará,2,0
2018,8,Vitória,Internacional,2,3
2018,8,Vasco,Paraná,1,0
2018,8,Flamengo,Bahia,2,0
2018,8,São Paulo,Botafogo,3,2
2018,8,Sport,Atlético-MG,3,2
2018,8,Corinthians,América-MG,1,0
2018,8,Grêmio,Fluminense,0,0
2018,9,Atlético-MG,Chapecoense,3,3
2018,9,Paraná,Fluminense,2,1
2018,9,América-MG,Atlético-PR,3,1
2018,9,Bahia,Grêmio,0,2
2018,9,Vasco,Botafogo,1,2
2018,9,Flamengo,Corinthians,1,0
2018,9,Ceará,Cruzeiro,0,1
2018,9,Santos,Vitória,5,2
2018,9,Palmeiras,São Paulo,3,1
2018,9,Internacional,Sport,0,0
2018,10,Cruzeiro,Vasco,1,1
2018,10,Paraná,Bahia,1,0
2018,10,América-MG,Atlético-MG,1,3
2018,10,Vitória,Chapecoense,1,0
2018,10,Fluminense,Flamengo,0,2
2018,10,Botafogo,Ceará,0,0
2018,10,São Paulo,Internacional,0,0
2018,10,Sport,Atlético-PR,1,0
2018,10,Corinthians,Santos,1,1
2018,10,Grêmio,Palmeiras,0,2
2018,11,Atlético-MG,Fluminense,5,2
2018,11,Atlético-PR,São Paulo,0,1
2018,11,Chapecoense,Cruzeiro,2,0
2018,11,Bahia,Botafogo,3,3
2018,11,Vasco,Sport,3,2
2018,11,Flamengo,Paraná,2,0
2018,11,Ceará,Palmeiras,2,2
2018,11,Santos,Internacional,1,2
2018,11,Corinthians,Vitória,0,0
2018,11,Grêmio,América-MG,1,0
2018,12,Atlético-MG,Ceará,2,1
2018,12,Paraná,Cruzeiro,1,1
2018,12,América-MG,Chapecoense,0,0
2018,12,Bahia,Corinthians,1,0
2018,12,Fluminense,Santos,0,1
2018,12,Botafogo,Atlético-PR,2,0
2018,12,São Paulo,Vitória,3,0
2018,12,Sport,Grêmio,0,0
2018,12,Palmeiras,Flamengo,1,1
2018,12,Internacional,Vasco,3,1
2018,13,Cruzeiro,América-MG,3,1
2018,13,Atlético-PR,Internacional,2,2
2018,13,Chapecoense,Bahia,1,1
2018,13,Vitória,Paraná,1,0
2018,13,Vasco,Fluminense,1,1
2018,13,Flamengo,São Paulo,0,1
2018,13,Ceará,Sport,1,0
2018,13,Santos,Palmeiras,1,1
2018,13,Corinthians,Botafogo,2,0
2018,13,Grêmio,Atlético-MG,2,0
2018,14,Cruzeiro,Atlético-PR,2,1
2018,14,Paraná,América-MG,1,0
2018,14,Chapecoense,Santos,0,0
2018,14,Bahia,Vitória,4,1
2018,14,Vasco,Grêmio,1,0
2018,14,Flamengo,Botafogo,2,0
2018,14,São Paulo,Corinthians,3,1
2018,14,Sport,Fluminense,1,2
2018,14,Palmeiras,Atlético-MG,3,2
2018,14,Internacional,Ceará,1,0
2018,15,Atlético-MG,Paraná,2,0
2018,15,Atlético-PR,Vasco,1,0
2018,15,América-MG,Internacional,2,1
2018,15,Vitória,Sport,1,0
2018,15,Fluminense,Palmeiras,1,0
2018,15,Botafogo,Chapecoense,1,0
2018,15,Ceará,Bahia,0,2
2018,15,Santos,Flamengo,1,1
2018,15,Corinthians,Cruzeiro,2,0
2018,15,Grêmio,São Paulo,2,1
2018,16,Cruzeiro,São Paulo,0,2
2018,16,Atlético-PR,Vitória,4,0
2018,16,Chapecoense,Grêmio,1,1
2018,16,Bahia,Atlético-MG,2,2
2018,16,Vasco,Corinthians,1,4
2018,16,Flamengo,Sport,4,1
2018,16,Ceará,Fluminense,1,0
2018,16,Santos,América-MG,0,1
2018,16,Palmeiras,Paraná,3,0
2018,16,Internacional,Botafogo,3,0
2018,17,Atlético-MG,Internacional,0,1
2018,17,Paraná,Ceará,0,1
2018,17,América-MG,Palmeiras,0,0
2018,17,Vitória,Cruzeiro,1,1
2018,17,Fluminense,Bahia,1,1
2018,17,Botafogo,Santos,0,0
2018,17,São Paulo,Vasco,2,1
2018,17,Sport,Chapecoense,1,1
2018,17,Corinthians,Atlético-PR,0,0
2018,17,Grêmio,Flamengo,2,0
2018,18,Atlético-MG,Santos,3,0
2018,18,Paraná,Botafogo,1,1
2018,18,Chapecoense,Corinthians,2,1
2018,18,Bahia,América-MG,1,0
2018,18,Fluminense,Internacional,0,3
2018,18,Flamengo,Cruzeiro,1,0
2018,18,Ceará,Atlético-PR,0,0
2018,18,Sport,São Paulo,1,3
2018,18,Palmeiras,Vasco,1,0
2018,18,Grêmio,Vitória,4,0
2018,19,Cruzeiro,Bahia,1,1
2018,19,Atlético-PR,Flamengo,3,0
2018,19,América-MG,Fluminense,0,0
2018,19,Vitória,Palmeiras,0,3
2018,19,Vasco,Ceará,1,1
2018,19,Botafogo,Atlético-MG,0,3
2018,19,São Paulo,Chapecoense,2,0
2018,19,Santos,Sport,3,0
2018,19,Corinthians,Grêmio,0,1
2018,19,Internacional,Paraná,1,0
2018,20,Ceará,Santos,1,1
2018,20,Bahia,Internacional,0,1
2018,20,Paraná,São Paulo,1,1
2018,20,Palmeiras,Botafogo,2,0
2018,20,Sport,América-MG,0,2
2018,20,Grêmio,Cruzeiro,1,1
2018,20,Fluminense,Corinthians,1,0
2018,20,Flamengo,Vitória,1,0
2018,20,Atlético-MG,Vasco,0,0
2018,20,Chapecoense,Atlético-PR,2,1
2018,21,Santos,Bahia,2,0
2018,21,Atlético-PR,Grêmio,2,1
2018,21,Corinthians,Paraná,1,0
2018,21,Cruzeiro,Fluminense,2,1
2018,21,Botafogo,Sport,2,0
2018,21,São Paulo,Ceará,1,0
2018,21,América-MG,Flamengo,2,2
2018,21,Vitória,Atlético-MG,1,0
2018,21,Internacional,Palmeiras,0,0
2018,21,Vasco,Chapecoense,3,1
2018,22,Vitória,América-MG,1,0
2018,22,Grêmio,Botafogo,4,0
2018,22,Vasco,Santos,0,3
2018,22,Corinthians,Atlético-MG,1,1
2018,22,Flamengo,Ceará,1,1
2018,22,Atlético-PR,Bahia,2,0
2018,22,São Paulo,Fluminense,1,1
2018,22,Sport,Paraná,1,0
2018,22,Cruzeiro,Internacional,0,0
2018,22,Chapecoense,Palmeiras,1,2
2018,23,Bahia,Sport,2,0
2018,23,Botafogo,Cruzeiro,1,1
2018,23,Ceará,Corinthians,2,1
2018,23,Paraná,Chapecoense,1,1
2018,23,Palmeiras,Atlético-PR,2,0
2018,23,Atlético-MG,São Paulo,1,0
2018,23,Internacional,Flamengo,2,1
2018,23,Fluminense,Vitória,0,0
2018,23,Santos,Grêmio,0,0
2018,23,América-MG,Vasco,2,1
2018,24,Sport,Cruzeiro,0,0
2018,24,São Paulo,Bahia,1,0
2018,24,Flamengo,Chapecoense,2,0
2018,24,América-MG,Ceará,0,0
2018,24,Fluminense,Botafogo,1,0
2018,24,Palmeiras,Corinthians,1,0
2018,24,Internacional,Grêmio,1,0
2018,24,Paraná,Santos,0,2
2018,24,Vitória,Vasco,1,0
2018,24,Atlético-MG,Atlético-PR,3,1
2018,25,Ceará,Vitória,2,0
2018,25,Grêmio,Paraná,2,0
2018,25,Vasco,Flamengo,1,1
2018,25,Botafogo,América-MG,1,0
2018,25,Cruzeiro,Atlético-MG,0,0
2018,25,Atlético-PR,Fluminense,3,1
2018,25,Bahia,Palmeiras,1,1
2018,25,Santos,São Paulo,0,0
2018,25,Corinthians,Sport,2,1
2018,25,Chapecoense,Internacional,2,1
2018,26,São Paulo,América-MG,1,1
2018,26,Grêmio,Ceará,3,2
2018,26,Atlético-PR,Paraná,3,0
2018,26,Flamengo,Atlético-MG,2,1
2018,26,Corinthians,Internacional,1,1
2018,26,Vitória,Botafogo,3,4
2018,26,Sport,Palmeiras,0,1
2018,26,Cruzeiro,Santos,2,1
2018,26,Chapecoense,Fluminense,1,2
2018,26,Vasco,Bahia,2,1
2018,27,Fluminense,Grêmio,0,1
2018,27,América-MG,Corinthians,0,0
2018,27,Bahia,Flamengo,0,0
2018,27,Palmeiras,Cruzeiro,3,1
2018,27,Atlético-MG,Sport,5,2
2018,27,Botafogo,São Paulo,2,2
2018,27,Santos,Atlético-PR,1,0
2018,27,Internacional,Vitória,2,1
2018,27,Ceará,Chapecoense,3,1
2018,27,Paraná,Vasco,1,1
2018,28,Cruzeiro,Ceará,0,2
2018,28,Sport,Internacional,2,1
2018,28,Corinthians,Flamengo,0,3
2018,28,Vitória,Santos,0,1
2018,28,Atlético-PR,América-MG,4,0
2018,28,Chapecoense,Atlético-MG,1,0
2018,28,São Paulo,Palmeiras,0,2
2018,28,Grêmio,Bahia,2,2
2018,28,Fluminense,Paraná,4,0
2018,28,Botafogo,Vasco,1,1
2018,29,Flamengo,Fluminense,3,0
2018,29,Santos,Corinthians,1,0
2018,29,Bahia,Paraná,2,0
2018,29,Chapecoense,Vitória,0,1
2018,29,Vasco,Cruzeiro,2,0
2018,29,Palmeiras,Grêmio,2,0
2018,29,Internacional,São Paulo,3,1
2018,29,Atlético-MG,América-MG,0,0
2018,29,Atlético-PR,Sport,4,0
2018,29,Ceará,Botafogo,0,0
2018,30,América-MG,Grêmio,1,1
2018,30,Botafogo,Bahia,0,1
2018,30,São Paulo,Atlético-PR,0,0
2018,30,Sport,Vasco,2,1
2018,30,Vitória,Corinthians,2,2
2018,30,Fluminense,Atlético-MG,1,0
2018,30,Palmeiras,Ceará,2,1
2018,30,Cruzeiro,Chapecoense,3,0
2018,30,Paraná,Flamengo,0,4
2018,30,Internacional,Santos,2,2
2018,31,Vitória,São Paulo,0,1
2018,31,Vasco,Internacional,1,1
2018,31,Santos,Fluminense,3,0
2018,31,Grêmio,Sport,3,4
2018,31,Corinthians,Bahia,2,1
2018,31,Flamengo,Palmeiras,1,1
2018,31,Chapecoense,América-MG,1,0
2018,31,Cruzeiro,Paraná,3,1
2018,31,Atlético-PR,Botafogo,2,1
2018,31,Ceará,Atlético-MG,2,1
2018,32,Atlético-MG,Grêmio,0,1
2018,32,Fluminense,Vasco,0,1
2018,32,Palmeiras,Santos,3,2
2018,32,Paraná,Vitória,1,1
2018,32,América-MG,Cruzeiro,1,2
2018,32,Botafogo,Corinthians,1,0
2018,32,São Paulo,Flamengo,2,2
2018,32,Bahia,Chapecoense,1,0
2018,32,Internacional,Atlético-PR,2,1
2018,32,Sport,Ceará,1,0
2018,33,Corinthians,São Paulo,1,1
2018,33,Atlético-PR,Cruzeiro,2,0
2018,33,Botafogo,Flamengo,0,2
2018,33,América-MG,Paraná,1,1
2018,33,Atlético-MG,Palmeiras,1,1
2018,33,Vitória,Bahia,2,2
2018,33,Ceará,Internacional,1,1
2018,33,Grêmio,Vasco,2,1
2018,33,Fluminense,Sport,0,0
2018,33,Santos,Chapecoense,0,1
2018,34,Vasco,Atlético-PR,1,1
2018,34,Paraná,Atlético-MG,0,1
2018,34,Bahia,Ceará,2,1
2018,34,Cruzeiro,Corinthians,1,0
2018,34,Sport,Vitória,0,0
2018,34,Palmeiras,Fluminense,3,0
2018,34,Chapecoense,Botafogo,0,1
2018,34,Flamengo,Santos,1,0
2018,34,São Paulo,Grêmio,1,1
2018,34,Internacional,América-MG,2,0
2018,35,Vitória,Atlético-PR,1,2
2018,35,Corinthians,Vasco,1,0
2018,35,Atlético-MG,Bahia,1,0
2018,35,Paraná,Palmeiras,1,1
2018,35,América-MG,Santos,2,1
2018,35,Botafogo,Internacional,1,0
2018,35,Sport,Flamengo,0,1
2018,35,São Paulo,Cruzeiro,1,0
2018,35,Grêmio,Chapecoense,2,0
2018,35,Fluminense,Ceará,0,0
2018,36,Internacional,Atlético-MG,1,2
2018,36,Santos,Botafogo,1,1
2018,36,Cruzeiro,Vitória,3,0
2018,36,Atlético-PR,Corinthians,1,0
2018,36,Flamengo,Grêmio,2,0
2018,36,Palmeiras,América-MG,4,0
2018,36,Vasco,São Paulo,2,0
2018,36,Chapecoense,Sport,2,1
2018,36,Bahia,Fluminense,2,0
2018,36,Ceará,Paraná,1,0
2018,37,Santos,Atlético-MG,3,2
2018,37,Cruzeiro,Flamengo,0,2
2018,37,Atlético-PR,Ceará,2,2
2018,37,Vitória,Grêmio,0,0
2018,37,Vasco,Palmeiras,0,1
2018,37,América-MG,Bahia,1,0
2018,37,Corinthians,Chapecoense,0,0
2018,37,Internacional,Fluminense,2,0
2018,37,Botafogo,Paraná,2,1
2018,37,São Paulo,Sport,0,0
2018,38,Atlético-MG,Botafogo,1,0
2018,38,Flamengo,Atlético-PR,1,2
2018,38,Paraná,Internacional,1,1
2018,38,Chapecoense,São Paulo,1,0
2018,38,Bahia,Cruzeiro,0,0
2018,38,Fluminense,América-MG,1,0
2018,38,Ceará,Vasco,0,0
2018,38,Sport,Santos,2,1
2018,38,Palmeiras,Vitória,3,2
2018,38,Grêmio,Corinthians,1,0
2019,1,Grêmio,Santos,1.0,2.0
2019,1,Atlético-MG,Avaí,2.0,1.0
2019,1,Ceará,CSA,4.0,0.0
2019,1,Palmeiras,Fortaleza,4.0,0.0
2019,1,São Paulo,Botafogo,2.0,0.0
2019,1,Flamengo,Cruzeiro,3.0,1.0
2019,1,Fluminense,Goiás,0.0,1.0
2019,1,Chapecoense,Internacional,2.0,0.0
2019,1,Bahia,Corinthians,3.0,2.0
2019,1,Atlético-PR,Vasco,4.0,1.0
2019,2,Internacional,Flamengo,2.0,1.0
2019,2,Cruzeiro,Ceará,1.0,0.0
2019,2,Fortaleza,Atlético-PR,2.0,1.0
2019,2,Corinthians,Chapecoense,1.0,0.0
2019,2,Santos,Fluminense,2.0,1.0
2019,2,Vasco,Atlético-MG,1.0,2.0
2019,2,Botafogo,Bahia,3.0,2.0
2019,2,Avaí,Grêmio,1.0,1.0
2019,2,Goiás,São Paulo,1.0,2.0
2019,2,CSA,Palmeiras,1.0,1.0
2019,3,Grêmio,Fluminense,4.0,5.0
2019,3,Cruzeiro,Goiás,2.0,1.0
2019,3,Ceará,Atlético-MG,1.0,2.0
2019,3,Palmeiras,Internacional,1.0,0.0
2019,3,São Paulo,Flamengo,1.0,1.0
2019,3,Vasco,Corinthians,1.0,1.0
2019,3,Botafogo,Fortaleza,1.0,0.0
2019,3,Chapecoense,Atlético-PR,1.0,1.0
2019,3,Bahia,Avaí,1.0,0.0
2019,3,CSA,Santos,0.0,0.0
2019,4,Internacional,Cruzeiro,3.0,1.0
2019,4,Atlético-MG,Palmeiras,0.0,2.0
2019,4,Fortaleza,São Paulo,0.0,1.0
2019,4,Corinthians,Grêmio,0.0,0.0
2019,4,Santos,Vasco,3.0,0.0
2019,4,Flamengo,Chapecoense,2.0,1.0
2019,4,Fluminense,Botafogo,0.0,1.0
2019,4,Avaí,CSA,0.0,0.0
2019,4,Goiás,Ceará,2.0,1.0
2019,4,Atlético-PR,Bahia,1.0,0.0
2019,5,Internacional,CSA,2.0,0.0
2019,5,Atlético-MG,Flamengo,2.0,1.0
2019,5,Ceará,Grêmio,2.0,1.0
2019,5,Palmeiras,Santos,4.0,0.0
2019,5,São Paulo,Bahia,0.0,0.0
2019,5,Vasco,Avaí,1.0,1.0
2019,5,Fluminense,Cruzeiro,4.0,1.0
2019,5,Chapecoense,Fortaleza,1.0,3.0
2019,5,Goiás,Botafogo,1.0,0.0
2019,5,Atlético-PR,Corinthians,0.0,2.0
2019,6,Grêmio,Atlético-MG,1.0,0.0
2019,6,Cruzeiro,Chapecoense,1.0,2.0
2019,6,Fortaleza,Vasco,1.0,1.0
2019,6,Corinthians,São Paulo,1.0,0.0
2019,6,Santos,Internacional,0.0,0.0
2019,6,Flamengo,Atlético-PR,3.0,2.0
2019,6,Botafogo,Palmeiras,0.0,1.0
2019,6,Avaí,Ceará,1.0,2.0
2019,6,Bahia,Fluminense,3.0,2.0
2019,6,CSA,Goiás,1.0,0.0
2019,7,Internacional,Avaí,2.0,0.0
2019,7,Atlético-MG,CSA,4.0,0.0
2019,7,Ceará,Santos,0.0,1.0
2019,7,São Paulo,Cruzeiro,1.0,1.0
2019,7,Flamengo,Fortaleza,2.0,0.0
2019,7,Botafogo,Vasco,1.0,0.0
2019,7,Chapecoense,Palmeiras,1.0,2.0
2019,7,Corinthians,Goiás,2.0,0.0
2019,7,Bahia,Grêmio,1.0,0.0
2019,7,Atlético-PR,Fluminense,3.0,0.0
2019,8,Grêmio,Fortaleza,1.0,0.0
2019,8,Cruzeiro,Corinthians,0.0,0.0
2019,8,Ceará,Bahia,0.0,0.0
2019,8,Palmeiras,Atlético-PR,1.0,0.0
2019,8,Santos,Atlético-MG,3.0,1.0
2019,8,Avaí,São Paulo,0.0,0.0
2019,8,Vasco,Internacional,2.0,1.0
2019,8,Fluminense,Flamengo,0.0,0.0
2019,8,Goiás,Chapecoense,3.0,1.0
2019,8,CSA,Botafogo,1.0,2.0
2019,9,Internacional,Bahia,3.0,1.0
2019,9,Atlético-MG,São Paulo,1.0,1.0
2019,9,Fortaleza,Cruzeiro,2.0,1.0
2019,9,Palmeiras,Avaí,2.0,0.0
2019,9,Santos,Corinthians,1.0,0.0
2019,9,Vasco,Ceará,1.0,0.0
2019,9,Botafogo,Grêmio,0.0,1.0
2019,9,Chapecoense,Fluminense,1.0,1.0
2019,9,Goiás,Atlético-PR,2.0,1.0
2019,9,CSA,Flamengo,0.0,2.0
2019,10,Grêmio,Vasco,2.0,1.0
2019,10,Cruzeiro,Botafogo,0.0,0.0
2019,10,Fortaleza,Avaí,2.0,0.0
2019,10,Corinthians,CSA,1.0,0.0
2019,10,São Paulo,Palmeiras,1.0,1.0
2019,10,Flamengo,Goiás,6.0,1.0
2019,10,Fluminense,Ceará,1.0,1.0
2019,10,Chapecoense,Atlético-MG,1.0,2.0
2019,10,Bahia,Santos,0.0,1.0
2019,10,Atlético-PR,Internacional,1.0,0.0
2019,11,Internacional,Grêmio,1.0,1.0
2019,11,Atlético-MG,Fortaleza,2.0,2.0
2019,11,Ceará,Palmeiras,2.0,0.0
2019,11,Corinthians,Flamengo,1.0,1.0
2019,11,São Paulo,Chapecoense,4.0,0.0
2019,11,Vasco,Fluminense,2.0,1.0
2019,11,Botafogo,Santos,0.0,1.0
2019,11,Avaí,Goiás,0.0,0.0
2019,11,Bahia,Cruzeiro,0.0,0.0
2019,11,CSA,Atlético-PR,0.0,4.0
2019,12,Internacional,Ceará,1.0,0.0
2019,12,Cruzeiro,Atlético-PR,0.0,2.0
2019,12,Fortaleza,Corinthians,1.0,3.0
2019,12,Palmeiras,Vasco,1.0,1.0
2019,12,Santos,Avaí,3.0,1.0
2019,12,Flamengo,Botafogo,3.0,2.0
2019,12,Fluminense,São Paulo,1.0,2.0
2019,12,Chapecoense,Bahia,0.0,0.0
2019,12,Goiás,Atlético-MG,0.0,0.0
2019,12,CSA,Grêmio,0.0,0.0
2019,13,Corinthians,Goiás,2.0,0.0
2019,13,Grêmio,Chapecoense,3.0,3.0
2019,13,Atlético-MG,Cruzeiro,2.0,0.0
2019,13,Ceará,Fortaleza,2.0,1.0
2019,13,Corinthians,Palmeiras,1.0,1.0
2019,13,Santos,Goiás,6.0,1.0
2019,13,Vasco,CSA,0.0,0.0
2019,13,Fluminense,Internacional,2.0,1.0
2019,13,Avaí,Botafogo,0.0,2.0
2019,13,Bahia,Flamengo,3.0,0.0
2019,14,Internacional,Corinthians,0.0,0.0
2019,14,Atlético-MG,Fluminense,2.0,1.0
2019,14,Ceará,Chapecoense,4.0,1.0
2019,14,Palmeiras,Bahia,2.0,2.0
2019,14,São Paulo,Santos,3.0,2.0
2019,14,Flamengo,Grêmio,3.0,1.0
2019,14,Botafogo,Atlético-PR,2.0,1.0
2019,14,Avaí,Cruzeiro,2.0,2.0
2019,14,Goiás,Vasco,0.0,1.0
2019,14,CSA,Fortaleza,0.0,2.0
2019,15,Atlético-PR,São Paulo,0.0,1.0
2019,15,Grêmio,Palmeiras,1.0,1.0
2019,15,Cruzeiro,Santos,2.0,0.0
2019,15,Fortaleza,Internacional,0.0,1.0
2019,15,Corinthians,Botafogo,2.0,0.0
2019,15,Vasco,Flamengo,1.0,4.0
2019,15,Fluminense,CSA,0.0,1.0
2019,15,Chapecoense,Avaí,1.0,0.0
2019,15,Bahia,Goiás,1.0,1.0
2019,15,Atlético-PR,Atlético-MG,1.0,0.0
2019,16,Grêmio,Atlético-PR,2.0,1.0
2019,16,Atlético-MG,Bahia,0.0,1.0
2019,16,Ceará,Flamengo,0.0,3.0
2019,16,Santos,Fortaleza,3.0,3.0
2019,16,Vasco,São Paulo,2.0,0.0
2019,16,Botafogo,Chapecoense,0.0,0.0
2019,16,Avaí,Corinthians,1.0,1.0
2019,16,Goiás,Internacional,2.0,1.0
2019,16,CSA,Cruzeiro,1.0,1.0
2019,16,Palmeiras,Fluminense,3.0,0.0
2019,17,Internacional,Botafogo,3.0,2.0
2019,17,Cruzeiro,Vasco,1.0,0.0
2019,17,Fortaleza,Goiás,2.0,0.0
2019,17,Corinthians,Atlético-MG,1.0,0.0
2019,17,São Paulo,Grêmio,0.0,0.0
2019,17,Flamengo,Palmeiras,3.0,0.0
2019,17,Fluminense,Avaí,0.0,1.0
2019,17,Chapecoense,Santos,0.0,1.0
2019,17,Bahia,CSA,1.0,0.0
2019,17,Atlético-PR,Ceará,1.0,0.0
2019,18,Internacional,São Paulo,1.0,0.0
2019,18,Cruzeiro,Grêmio,1.0,4.0
2019,18,Fortaleza,Fluminense,0.0,1.0
2019,18,Corinthians,Ceará,2.0,2.0
2019,18,Santos,Atlético-PR,1.0,1.0
2019,18,Vasco,Bahia,0.0,2.0
2019,18,Botafogo,Atlético-MG,2.0,1.0
2019,18,Avaí,Flamengo,0.0,3.0
2019,18,Goiás,Palmeiras,1.0,2.0
2019,18,CSA,Chapecoense,2.0,0.0
2019,19,Grêmio,Goiás,3.0,0.0
2019,19,Atlético-MG,Internacional,1.0,3.0
2019,19,Ceará,Botafogo,0.0,0.0
2019,19,Palmeiras,Cruzeiro,1.0,0.0
2019,19,São Paulo,CSA,1.0,1.0
2019,19,Flamengo,Santos,1.0,0.0
2019,19,Fluminense,Corinthians,1.0,0.0
2019,19,Chapecoense,Vasco,1.0,2.0
2019,19,Bahia,Fortaleza,1.0,1.0
2019,19,Atlético-PR,Avaí,0.0,1.0
2019,20,Internacional,Chapecoense,1.0,0.0
2019,20,Cruzeiro,Flamengo,1.0,2.0
2019,20,Fortaleza,Palmeiras,0.0,1.0
2019,20,Corinthians,Bahia,2.0,1.0
2019,20,Santos,Grêmio,0.0,3.0
2019,20,Vasco,Atlético-PR,1.0,1.0
2019,20,Botafogo,São Paulo,1.0,2.0
2019,20,Avaí,Atlético-MG,1.0,0.0
2019,20,Goiás,Fluminense,3.0,0.0
2019,20,CSA,Ceará,1.0,0.0
2019,21,Grêmio,Avaí,6.0,1.0
2019,21,Ceará,Cruzeiro,0.0,0.0
2019,21,Palmeiras,CSA,6.0,2.0
2019,21,São Paulo,Goiás,0.0,1.0
2019,21,Flamengo,Internacional,3.0,1.0
2019,21,Fluminense,Santos,1.0,1.0
2019,21,Bahia,Botafogo,2.0,0.0
2019,21,Chapecoense,Corinthians,0.0,1.0
2019,21,Atlético-PR,Fortaleza,4.0,1.0
2019,21,Atlético-MG,Vasco,1.0,2.0
2019,22,Internacional,Palmeiras,1.0,1.0
2019,22,Atlético-MG,Ceará,2.0,1.0
2019,22,Fortaleza,Botafogo,1.0,0.0
2019,22,Corinthians,Vasco,1.0,0.0
2019,22,Santos,CSA,2.0,0.0
2019,22,Flamengo,São Paulo,0.0,0.0
2019,22,Fluminense,Grêmio,2.0,1.0
2019,22,Avaí,Bahia,0.0,2.0
2019,22,Goiás,Cruzeiro,1.0,0.0
2019,22,Atlético-PR,Chapecoense,1.0,1.0
2019,23,Grêmio,Corinthians,0.0,0.0
2019,23,Cruzeiro,Internacional,1.0,1.0
2019,23,Ceará,Goiás,0.0,1.0
2019,23,Palmeiras,Atlético-MG,1.0,1.0
2019,23,São Paulo,Fortaleza,2.0,1.0
2019,23,Vasco,Santos,0.0,1.0
2019,23,Botafogo,Fluminense,0.0,1.0
2019,23,Chapecoense,Flamengo,0.0,1.0
2019,23,Bahia,Atlético-PR,1.0,2.0
2019,23,CSA,Avaí,3.0,1.0
2019,24,Grêmio,Ceará,2.0,1.0
2019,24,Cruzeiro,Fluminense,0.0,0.0
2019,24,Fortaleza,Chapecoense,2.0,0.0
2019,24,Corinthians,Atlético-PR,2.0,2.0
2019,24,Santos,Palmeiras,2.0,0.0
2019,24,Flamengo,Atlético-MG,3.0,1.0
2019,24,Botafogo,Goiás,3.0,1.0
2019,24,Avaí,Vasco,0.0,0.0
2019,24,Bahia,São Paulo,0.0,0.0
2019,24,CSA,Internacional,1.0,0.0
2019,25,Internacional,Santos,0.0,0.0
2019,25,Atlético-MG,Grêmio,1.0,4.0
2019,25,Ceará,Avaí,1.0,0.0
2019,25,Palmeiras,Botafogo,1.0,0.0
2019,25,São Paulo,Corinthians,1.0,0.0
2019,25,Vasco,Fortaleza,1.0,0.0
2019,25,Fluminense,Bahia,2.0,0.0
2019,25,Chapecoense,Cruzeiro,1.0,1.0
2019,25,Goiás,CSA,1.0,0.0
2019,25,Atlético-PR,Flamengo,0.0,2.0
2019,26,Grêmio,Bahia,0.0,1.0
2019,26,Cruzeiro,São Paulo,1.0,0.0
2019,26,Fortaleza,Flamengo,1.0,2.0
2019,26,Palmeiras,Chapecoense,1.0,0.0
2019,26,Santos,Ceará,2.0,1.0
2019,26,Vasco,Botafogo,2.0,1.0
2019,26,Fluminense,Atlético-PR,1.0,2.0
2019,26,Avaí,Internacional,0.0,2.0
2019,26,Goiás,Corinthians,2.0,2.0
2019,26,CSA,Atlético-MG,2.0,2.0
2019,27,Internacional,Vasco,0.0,1.0
2019,27,Atlético-MG,Santos,2.0,0.0
2019,27,Fortaleza,Grêmio,2.0,1.0
2019,27,Corinthians,Cruzeiro,1.0,2.0
2019,27,São Paulo,Avaí,1.0,0.0
2019,27,Flamengo,Fluminense,2.0,0.0
2019,27,Botafogo,CSA,2.0,1.0
2019,27,Chapecoense,Goiás,2.0,2.0
2019,27,Bahia,Ceará,1.0,2.0
2019,27,Atlético-PR,Palmeiras,1.0,1.0
2019,28,Grêmio,Botafogo,3.0,0.0
2019,28,Cruzeiro,Fortaleza,1.0,1.0
2019,28,Ceará,Vasco,1.0,1.0
2019,28,Corinthians,Santos,0.0,0.0
2019,28,São Paulo,Atlético-MG,2.0,0.0
2019,28,Flamengo,CSA,1.0,0.0
2019,28,Fluminense,Chapecoense,1.0,1.0
2019,28,Avaí,Palmeiras,1.0,2.0
2019,28,Bahia,Internacional,2.0,3.0
2019,28,Atlético-PR,Goiás,4.0,1.0
2019,29,Internacional,Atlético-PR,1.0,1.0
2019,29,Atlético-MG,Chapecoense,0.0,2.0
2019,29,Ceará,Fluminense,2.0,0.0
2019,29,Palmeiras,São Paulo,3.0,0.0
2019,29,Santos,Bahia,1.0,0.0
2019,29,Vasco,Grêmio,1.0,3.0
2019,29,Botafogo,Cruzeiro,0.0,2.0
2019,29,Avaí,Fortaleza,1.0,3.0
2019,29,Goiás,Flamengo,2.0,2.0
2019,29,CSA,Corinthians,2.0,1.0
2019,30,Grêmio,Internacional,2.0,0.0
2019,30,Cruzeiro,Bahia,1.0,1.0
2019,30,Fortaleza,Atlético-MG,2.0,2.0
2019,30,Palmeiras,Ceará,1.0,0.0
2019,30,Santos,Botafogo,4.0,1.0
2019,30,Flamengo,Corinthians,4.0,1.0
2019,30,Fluminense,Vasco,0.0,0.0
2019,30,Chapecoense,São Paulo,0.0,3.0
2019,30,Goiás,Avaí,2.0,0.0
2019,30,Atlético-PR,CSA,1.0,0.0
2019,31,Grêmio,CSA,2.0,1.0
2019,31,Atlético-MG,Goiás,2.0,0.0
2019,31,Ceará,Internacional,2.0,0.0
2019,31,Corinthians,Fortaleza,3.0,2.0
2019,31,São Paulo,Fluminense,0.0,2.0
2019,31,Vasco,Palmeiras,1.0,2.0
2019,31,Botafogo,Flamengo,0.0,1.0
2019,31,Avaí,Santos,1.0,2.0
2019,31,Bahia,Chapecoense,1.0,1.0
2019,31,Atlético-PR,Cruzeiro,0.0,0.0
2019,32,Internacional,Fluminense,2.0,1.0
2019,32,Cruzeiro,Atlético-MG,0.0,0.0
2019,32,Fortaleza,Ceará,1.0,0.0
2019,32,Palmeiras,Corinthians,1.0,1.0
2019,32,São Paulo,Atlético-PR,0.0,1.0
2019,32,Flamengo,Bahia,3.0,1.0
2019,32,Botafogo,Avaí,2.0,0.0
2019,32,Chapecoense,Grêmio,0.0,1.0
2019,32,Goiás,Santos,0.0,3.0
2019,32,CSA,Vasco,0.0,3.0
2019,33,Santos,São Paulo,1.0,1.0
2019,33,Fluminense,Atlético-MG,1.0,1.0
2019,33,Grêmio,Flamengo,0.0,1.0
2019,33,Bahia,Palmeiras,1.0,1.0
2019,33,Corinthians,Internacional,0.0,0.0
2019,33,Chapecoense,Ceará,1.0,0.0
2019,33,Atlético-PR,Botafogo,1.0,0.0
2019,33,Fortaleza,CSA,3.0,0.0
2019,33,Vasco,Goiás,1.0,1.0
2019,33,Cruzeiro,Avaí,0.0,0.0
2019,34,Flamengo,Vasco,4.0,4.0
2019,34,Santos,Cruzeiro,4.0,1.0
2019,34,Atlético-MG,Atlético-PR,0.0,1.0
2019,34,Palmeiras,Grêmio,1.0,2.0
2019,34,Goiás,Bahia,4.0,3.0
2019,34,Botafogo,Corinthians,1.0,0.0
2019,34,Internacional,Fortaleza,2.0,2.0
2019,34,Ceará,São Paulo,1.0,1.0
2019,34,Avaí,Chapecoense,0.0,1.0
2019,34,CSA,Fluminense,0.0,1.0
2019,35,Internacional,Goiás,1.0,2.0
2019,35,Chapecoense,Botafogo,0.0,1.0
2019,35,Bahia,Atlético-MG,1.0,1.0
2019,35,Corinthians,Avaí,3.0,0.0
2019,35,Flamengo,Ceará,4.0,1.0
2019,35,Atlético-PR,Grêmio,2.0,0.0
2019,35,Fluminense,Palmeiras,1.0,0.0
2019,35,Fortaleza,Santos,2.0,1.0
2019,35,São Paulo,Vasco,1.0,0.0
2019,35,Cruzeiro,CSA,0.0,1.0
